id,mx,my,kx,ky,realized_k,realized_theta_deg,cell_mass,c_real,c_imag
1,4,-9,0.4,-0.9,0.98488578017961,-66.0375110254218,2.79330309731781,0.000775387277063908,0
2,4,9,0.4,0.9,0.98488578017961,66.0375110254218,2.79330309731781,0.000775387277063908,0
3,5,-8,0.5,-0.8,0.94339811320566,-57.9946167919165,2.75247939135834,0.000764055108265624,0
4,5,8,0.5,0.8,0.94339811320566,57.9946167919165,2.75247939135834,0.000764055108265624,0
5,6,-8,0.6,-0.8,1,-53.130102354156,2.7364886078334,0.000759616259467787,0
6,6,8,0.6,0.8,1,53.130102354156,2.7364886078334,0.000759616259467787,0
7,5,-9,0.5,-0.9,1.0295630140987,-60.9453959009229,2.63876050481344,0.000732488115813763,0
8,5,9,0.5,0.9,1.0295630140987,60.9453959009229,2.63876050481344,0.000732488115813763,0
9,3,-9,0.3,-0.9,0.948683298050514,-71.565051177078,2.58596173807081,0.000717831814456345,0
10,3,9,0.3,0.9,0.948683298050514,71.565051177078,2.58596173807081,0.000717831814456345,0
11,7,-7,0.7,-0.7,0.989949493661167,-45,2.51265512130227,0.000697482781076651,0
12,7,7,0.7,0.7,0.989949493661167,45,2.51265512130227,0.000697482781076651,0
13,6,-7,0.6,-0.7,0.921954445729289,-49.3987053549955,2.45254792713338,0.000680797748341279,0
14,6,7,0.6,0.7,0.921954445729289,49.3987053549955,2.45254792713338,0.000680797748341279,0
15,4,-8,0.4,-0.8,0.894427190999916,-63.434948822922,2.3389453751501,0.000649263048961747,0
16,4,8,0.4,0.8,0.894427190999916,63.434948822922,2.3389453751501,0.000649263048961747,0
17,3,-10,0.3,-1,1.04403065089106,-73.3007557660064,2.29386584286378,0.000636749514063095,0
18,3,10,0.3,1,1.04403065089106,73.3007557660064,2.29386584286378,0.000636749514063095,0
19,2,-10,0.2,-1,1.01980390271856,-78.6900675259798,2.22669981940909,0.000618105035385591,0
20,2,10,0.2,1,1.01980390271856,78.6900675259798,2.22669981940909,0.000618105035385591,0
21,7,-8,0.7,-0.8,1.06301458127347,-48.8140748342904,2.21339192037834,0.000614410922991272,0
22,7,8,0.7,0.8,1.06301458127347,48.8140748342904,2.21339192037834,0.000614410922991272,0
23,2,-9,0.2,-0.9,0.921954445729289,-77.4711922908485,2.20040286649497,0.000610805318167387,0
24,2,9,0.2,0.9,0.921954445729289,77.4711922908485,2.20040286649497,0.000610805318167387,0
25,6,-9,0.6,-0.9,1.0816653826392,-56.3099324740202,2.18192445075091,0.000605675932644563,0
26,6,9,0.6,0.9,1.0816653826392,56.3099324740202,2.18192445075091,0.000605675932644563,0
27,4,-10,0.4,-1,1.0770329614269,-68.1985905136482,2.1588959865754,0.000599283508510871,0
28,4,10,0.4,1,1.0770329614269,68.1985905136482,2.1588959865754,0.000599283508510871,0
29,7,-6,0.7,-0.6,0.921954445729289,-40.6012946450045,2.1245757138804,0.000589756614412403,0
30,7,6,0.7,0.6,0.921954445729289,40.6012946450045,2.1245757138804,0.000589756614412403,0
31,8,-6,0.8,-0.6,1,-36.869897645844,2.1004169437168,0.000583050430957999,0
32,8,6,0.8,0.6,1,36.869897645844,2.1004169437168,0.000583050430957999,0
33,1,-10,0.1,-1,1.00498756211209,-84.2894068625004,2.00636538593045,0.000556942851953915,0
34,1,10,0.1,1,1.00498756211209,84.2894068625004,2.00636538593045,0.000556942851953915,0
35,5,-7,0.5,-0.7,0.860232526704263,-54.4623222080256,1.97978390246394,0.000549564152483312,0
36,5,7,0.5,0.7,0.860232526704263,54.4623222080256,1.97978390246394,0.000549564152483312,0
37,8,-7,0.8,-0.7,1.06301458127347,-41.1859251657096,1.95426495598485,0.000542480400475531,0
38,8,7,0.8,0.7,1.06301458127347,41.1859251657096,1.95426495598485,0.000542480400475531,0
39,3,-8,0.3,-0.8,0.854400374531753,-69.4439547804165,1.86166980810048,0.000516777103308701,0
40,3,8,0.3,0.8,0.854400374531753,69.4439547804165,1.86166980810048,0.000516777103308701,0
41,5,-10,0.5,-1,1.11803398874989,-63.434948822922,1.84025784119606,0.000510833399336673,0
42,5,10,0.5,1,1.11803398874989,63.434948822922,1.84025784119606,0.000510833399336673,0
43,8,-5,0.8,-0.5,0.94339811320566,-32.0053832080835,1.8091028536089,0.000502185150238548,0
44,8,5,0.8,0.5,0.94339811320566,32.0053832080835,1.8091028536089,0.000502185150238548,0
45,1,-9,0.1,-0.9,0.905538513813742,-83.6598082540901,1.80349462413229,0.000500628373321931,0
46,1,9,0.1,0.9,0.905538513813742,83.6598082540901,1.80349462413229,0.000500628373321931,0
47,6,-6,0.6,-0.6,0.848528137423857,-45,1.6814151996989,0.000466740596307034,0
48,6,6,0.6,0.6,0.848528137423857,45,1.6814151996989,0.000466740596307034,0
49,7,-9,0.7,-0.9,1.14017542509914,-52.1250163489018,1.59586060184909,0.000442991670982474,0
50,7,9,0.7,0.9,1.14017542509914,52.1250163489018,1.59586060184909,0.000442991670982474,0
51,9,-5,0.9,-0.5,1.0295630140987,-29.0546040990771,1.58259156213403,0.000439308345465887,0
52,9,5,0.9,0.5,1.0295630140987,29.0546040990771,1.58259156213403,0.000439308345465887,0
53,4,-7,0.4,-0.7,0.806225774829855,-60.2551187030578,1.55119508991375,0.000430593063143796,0
54,4,7,0.4,0.7,0.806225774829855,60.2551187030578,1.55119508991375,0.000430593063143796,0
55,8,-8,0.8,-0.8,1.13137084989848,-45,1.52960966212719,0.000424601208521303,0
56,8,8,0.8,0.8,1.13137084989848,45,1.52960966212719,0.000424601208521303,0
57,9,-6,0.9,-0.6,1.0816653826392,-33.6900675259798,1.51254985342175,0.000419865611216434,0
58,9,6,0.9,0.6,1.0816653826392,33.6900675259798,1.51254985342175,0.000419865611216434,0
59,2,-11,0.2,-1.1,1.11803398874989,-79.695153531234,1.49297868010271,0.000414432889359873,0
60,2,11,0.2,1.1,1.11803398874989,79.695153531234,1.49297868010271,0.000414432889359873,0
61,2,-8,0.2,-0.8,0.824621125123532,-75.9637565320735,1.46796033214581,0.000407488097469025,0
62,2,8,0.2,0.8,0.824621125123532,75.9637565320735,1.46796033214581,0.000407488097469025,0
63,3,-11,0.3,-1.1,1.14017542509914,-74.7448812969422,1.46253429664223,0.000405981895403658,0
64,3,11,0.3,1.1,1.14017542509914,74.7448812969422,1.46253429664223,0.000405981895403658,0
65,7,-5,0.7,-0.5,0.860232526704263,-35.5376777919744,1.45585037554781,0.000404126519457349,0
66,7,5,0.7,0.5,0.860232526704263,35.5376777919744,1.45585037554781,0.000404126519457349,0
67,9,-4,0.9,-0.4,0.98488578017961,-23.9624889745782,1.44191797555736,0.000400259053122624,0
68,9,4,0.9,0.4,0.98488578017961,23.9624889745782,1.44191797555736,0.000400259053122624,0
69,6,-10,0.6,-1,1.16619037896906,-59.0362434679265,1.43183380575002,0.000397459809110806,0
70,6,10,0.6,1,1.16619037896906,59.0362434679265,1.43183380575002,0.000397459809110806,0
71,1,-11,0.1,-1.1,1.10453610171873,-84.8055710922652,1.40640799314659,0.000390401909944532,0
72,1,11,0.1,1.1,1.10453610171873,84.8055710922652,1.40640799314659,0.000390401909944532,0
73,4,-11,0.4,-1.1,1.17046999107196,-70.0168934781,1.32277590152613,0.000367186649180666,0
74,4,11,0.4,1.1,1.17046999107196,70.0168934781,1.32277590152613,0.000367186649180666,0
75,5,-6,0.5,-0.6,0.781024967590666,-50.1944289077348,1.31795880542016,0.000365849481353604,0
76,5,6,0.5,0.6,0.781024967590666,50.1944289077348,1.31795880542016,0.000365849481353604,0
77,8,-4,0.8,-0.4,0.894427190999916,-26.565051177078,1.30152095340521,0.000361286531730669,0
78,8,4,0.8,0.4,0.894427190999916,26.565051177078,1.30152095340521,0.000361286531730669,0
79,9,-7,0.9,-0.7,1.14017542509914,-37.8749836510982,1.26534312325148,0.000351244002067518,0
80,9,7,0.9,0.7,1.14017542509914,37.8749836510982,1.26534312325148,0.000351244002067518,0
81,3,-7,0.3,-0.7,0.761577310586391,-66.8014094863518,1.25260574421431,0.000347708259147947,0
82,3,7,0.3,0.7,0.761577310586391,66.8014094863518,1.25260574421431,0.000347708259147947,0
83,1,-8,0.1,-0.8,0.806225774829855,-82.8749836510982,1.15957180679293,0.000321883159293595,0
84,1,8,0.1,0.8,0.806225774829855,82.8749836510982,1.15957180679293,0.000321883159293595,0
85,9,-3,0.9,-0.3,0.948683298050514,-18.434948822922,1.15796354244387,0.00032143672449187,0
86,9,3,0.9,0.3,0.948683298050514,18.434948822922,1.15796354244387,0.00032143672449187,0
87,5,-11,0.5,-1.1,1.20830459735946,-65.5560452195835,1.11432971606452,0.000309324500130448,0
88,5,11,0.5,1.1,1.20830459735946,65.5560452195835,1.11432971606452,0.000309324500130448,0
89,6,-5,0.6,-0.5,0.781024967590666,-39.8055710922652,1.11253340674451,0.000308825866310959,0
90,6,5,0.6,0.5,0.781024967590666,39.8055710922652,1.11253340674451,0.000308825866310959,0
91,4,-6,0.4,-0.6,0.721110255092798,-56.3099324740202,1.10775589240399,0.000307499685904978,0
92,4,6,0.4,0.6,0.721110255092798,56.3099324740202,1.10775589240399,0.000307499685904978,0
93,8,-9,0.8,-0.9,1.20415945787923,-48.3664606634298,1.07738365182607,0.000299068717943551,0
94,8,9,0.8,0.9,1.20415945787923,48.3664606634298,1.07738365182607,0.000299068717943551,0
95,10,-4,1,-0.4,1.0770329614269,-21.8014094863518,1.05064539701503,0.000291646500636993,0
96,10,4,1,0.4,1.0770329614269,21.8014094863518,1.05064539701503,0.000291646500636993,0
97,7,-10,0.7,-1,1.22065556157337,-55.0079798014413,1.0452960872769,0.000290161596719474,0
98,7,10,0.7,1,1.22065556157337,55.0079798014413,1.0452960872769,0.000290161596719474,0
99,10,-5,1,-0.5,1.11803398874989,-26.565051177078,1.02402311974951,0.0002842564772994,0
100,10,5,1,0.5,1.11803398874989,26.565051177078,1.02402311974951,0.0002842564772994,0
101,2,-7,0.2,-0.7,0.728010988928052,-74.0546040990772,1.02252574948848,0.000283840825360098,0
102,2,7,0.2,0.7,0.728010988928052,74.0546040990772,1.02252574948848,0.000283840825360098,0
103,10,-3,1,-0.3,1.04403065089106,-16.6992442339936,0.98934506005368,0.000274630265841276,0
104,10,3,1,0.3,1.04403065089106,16.6992442339936,0.98934506005368,0.000274630265841276,0
105,9,-8,0.9,-0.8,1.20415945787923,-41.6335393365702,0.965233385967004,0.000267937155690261,0
106,9,8,0.9,0.8,1.20415945787923,41.6335393365702,0.965233385967004,0.000267937155690261,0
107,7,-4,0.7,-0.4,0.806225774829855,-29.7448812969422,0.950249769913932,0.000263777884445004,0
108,7,4,0.7,0.4,0.806225774829855,29.7448812969422,0.950249769913932,0.000263777884445004,0
109,3,-6,0.3,-0.6,0.670820393249937,-63.434948822922,0.944849262548992,0.000262278768683279,0
110,3,6,0.3,0.6,0.670820393249937,63.434948822922,0.944849262548992,0.000262278768683279,0
111,5,-5,0.5,-0.5,0.707106781186548,-45,0.943741518510469,0.000261971272287868,0
112,5,5,0.5,0.5,0.707106781186548,45,0.943741518510469,0.000261971272287868,0
113,10,-6,1,-0.6,1.16619037896906,-30.9637565320735,0.910900597251023,0.000252855028319899,0
114,10,6,1,0.6,1.16619037896906,30.9637565320735,0.910900597251023,0.000252855028319899,0
115,6,-11,0.6,-1.1,1.25299640861417,-61.3895403340348,0.890844244521699,0.000247287626506055,0
116,6,11,0.6,1.1,1.25299640861417,61.3895403340348,0.890844244521699,0.000247287626506055,0
117,9,-2,0.9,-0.2,0.921954445729289,-12.5288077091515,0.885709275564351,0.000245862221006212,0
118,9,2,0.9,0.2,0.921954445729289,12.5288077091515,0.885709275564351,0.000245862221006212,0
119,10,-2,1,-0.2,1.01980390271856,-11.3099324740202,0.884662422735006,0.000245571627276655,0
120,10,2,1,0.2,1.01980390271856,11.3099324740202,0.884662422735006,0.000245571627276655,0
121,8,-3,0.8,-0.3,0.854400374531753,-20.5560452195835,0.87730771871753,0.000243530050074669,0
122,8,3,0.8,0.3,0.854400374531753,20.5560452195835,0.87730771871753,0.000243530050074669,0
123,2,-12,0.2,-1.2,1.21655250605964,-80.5376777919744,0.856927963902402,0.0002378728757392,0
124,2,12,0.2,1.2,1.21655250605964,80.5376777919744,0.856927963902402,0.0002378728757392,0
125,3,-12,0.3,-1.2,1.2369316876853,-75.9637565320735,0.842113323464641,0.000233760510088388,0
126,3,12,0.3,1.2,1.2369316876853,75.9637565320735,0.842113323464641,0.000233760510088388,0
127,4,-5,0.4,-0.5,0.640312423743285,-51.3401917459099,0.820588426944326,0.000227785458215931,0
128,4,5,0.4,0.5,0.640312423743285,51.3401917459099,0.820588426944326,0.000227785458215931,0
129,1,-7,0.1,-0.7,0.707106781186548,-81.869897645844,0.817848229526168,0.000227024812435412,0
130,1,7,0.1,0.7,0.707106781186548,81.869897645844,0.817848229526168,0.000227024812435412,0
131,1,-12,0.1,-1.2,1.20415945787923,-85.2363583092738,0.814106390555735,0.000225986123031,0
132,1,12,0.1,1.2,1.20415945787923,85.2363583092738,0.814106390555735,0.000225986123031,0
133,10,-1,1,-0.1,1.00498756211209,-5.71059313749964,0.794445094058334,0.000220528384066223,0
134,10,1,1,0.1,1.00498756211209,5.71059313749964,0.794445094058334,0.000220528384066223,0
135,4,-12,0.4,-1.2,1.26491106406735,-71.565051177078,0.778772702443759,0.000216177917025688,0
136,4,12,0.4,1.2,1.26491106406735,71.565051177078,0.778772702443759,0.000216177917025688,0
137,2,-6,0.2,-0.6,0.632455532033676,-71.565051177078,0.769557064742225,0.000213619767059556,0
138,2,6,0.2,0.6,0.632455532033676,71.565051177078,0.769557064742225,0.000213619767059556,0
139,6,-4,0.6,-0.4,0.721110255092798,-33.6900675259798,0.767916603210572,0.000213164394707956,0
140,6,4,0.6,0.4,0.721110255092798,33.6900675259798,0.767916603210572,0.000213164394707956,0
141,10,0,1,0,1,0,0.7597274091096,0.000210891173115427,0
142,10,-7,1,-0.7,1.22065556157337,-34.9920201985587,0.755343937493453,0.000209674374221031,0
143,10,7,1,0.7,1.22065556157337,34.9920201985587,0.755343937493453,0.000209674374221031,0
144,8,-10,0.8,-1,1.28062484748657,-51.3401917459099,0.744942666841794,0.000206787106836285,0
145,8,10,0.8,1,1.28062484748657,51.3401917459099,0.744942666841794,0.000206787106836285,0
146,9,-9,0.9,-0.9,1.27279220613579,-45,0.713317689616341,0.000198008394278526,0
147,9,9,0.9,0.9,1.27279220613579,45,0.713317689616341,0.000198008394278526,0
148,9,-1,0.9,-0.1,0.905538513813742,-6.34019174590991,0.710567511593297,0.00019724497800237,0
149,9,1,0.9,0.1,0.905538513813742,6.34019174590991,0.710567511593297,0.00019724497800237,0
150,7,-11,0.7,-1.1,1.30384048104053,-57.5288077091515,0.693085170559805,0.000192392090815269,0
151,7,11,0.7,1.1,1.30384048104053,57.5288077091515,0.693085170559805,0.000192392090815269,0
152,5,-12,0.5,-1.2,1.3,-67.3801350519596,0.686525958934341,0.00019057133271464,0
153,5,12,0.5,1.2,1.3,67.3801350519596,0.686525958934341,0.00019057133271464,0
154,5,-4,0.5,-0.4,0.640312423743285,-38.6598082540901,0.667389669791949,0.000185259329464626,0
155,5,4,0.5,0.4,0.640312423743285,38.6598082540901,0.667389669791949,0.000185259329464626,0
156,3,-5,0.3,-0.5,0.58309518948453,-59.0362434679265,0.652551528054735,0.000181140440136305,0
157,3,5,0.3,0.5,0.58309518948453,59.0362434679265,0.652551528054735,0.000181140440136305,0
158,9,0,0.9,0,0.9,0,0.651878083297221,0.00018095349998746,0
159,7,-3,0.7,-0.3,0.761577310586391,-23.1985905136482,0.633014026229627,0.000175717065080677,0
160,7,3,0.7,0.3,0.761577310586391,23.1985905136482,0.633014026229627,0.000175717065080677,0
161,11,-4,1.1,-0.4,1.17046999107196,-19.9831065219,0.614510097359621,0.000170580597421556,0
162,11,4,1.1,0.4,1.17046999107196,19.9831065219,0.614510097359621,0.000170580597421556,0
163,11,-3,1.1,-0.3,1.14017542509914,-15.2551187030578,0.613583563124378,0.000170323402683733,0
164,11,3,1.1,0.3,1.14017542509914,15.2551187030578,0.613583563124378,0.000170323402683733,0
165,10,-8,1,-0.8,1.28062484748657,-38.6598082540901,0.605866502759257,0.000168181239726483,0
166,10,8,1,0.8,1.28062484748657,38.6598082540901,0.605866502759257,0.000168181239726483,0
167,8,-2,0.8,-0.2,0.824621125123532,-14.0362434679265,0.60341506919441,0.000167500751311682,0
168,8,2,0.8,0.2,0.824621125123532,14.0362434679265,0.60341506919441,0.000167500751311682,0
169,1,-6,0.1,-0.6,0.608276253029822,-80.5376777919744,0.590062683223669,0.000163794289878943,0
170,1,6,0.1,0.6,0.608276253029822,80.5376777919744,0.590062683223669,0.000163794289878943,0
171,11,-2,1.1,-0.2,1.11803398874989,-10.304846468766,0.5885240568255,0.00016336718573316,0
172,11,2,1.1,0.2,1.11803398874989,10.304846468766,0.5885240568255,0.00016336718573316,0
173,6,-12,0.6,-1.2,1.34164078649987,-63.434948822922,0.586267820856263,0.000162740881818529,0
174,6,12,0.6,1.2,1.34164078649987,63.434948822922,0.586267820856263,0.000162740881818529,0
175,11,-5,1.1,-0.5,1.20830459735946,-24.4439547804165,0.583092966528558,0.000161859580518073,0
176,11,5,1.1,0.5,1.20830459735946,24.4439547804165,0.583092966528558,0.000161859580518073,0
177,11,-1,1.1,-0.1,1.10453610171873,-5.19442890773481,0.559800379380016,0.000155393839030075,0
178,11,1,1.1,0.1,1.10453610171873,5.19442890773481,0.559800379380016,0.000155393839030075,0
179,11,0,1.1,0,1.1,0,0.547513567186894,0.000151983168036523,0
180,8,-11,0.8,-1.1,1.36014705087354,-53.9726266148964,0.537631985065275,0.000149240159924828,0
181,8,11,0.8,1.1,1.36014705087354,53.9726266148964,0.537631985065275,0.000149240159924828,0
182,9,-10,0.9,-1,1.34536240470737,-48.0127875041833,0.537437079539717,0.000149186056499785,0
183,9,10,0.9,1,1.34536240470737,48.0127875041833,0.537437079539717,0.000149186056499785,0
184,11,-6,1.1,-0.6,1.25299640861417,-28.6104596659652,0.52709308351657,0.000146314687861685,0
185,11,6,1.1,0.6,1.25299640861417,28.6104596659652,0.52709308351657,0.000146314687861685,0
186,6,-3,0.6,-0.3,0.670820393249937,-26.565051177078,0.52576735056844,0.000145946680372003,0
187,6,3,0.6,0.3,0.670820393249937,26.565051177078,0.52576735056844,0.000145946680372003,0
188,3,-13,0.3,-1.3,1.33416640641263,-77.0053832080835,0.518239394505042,0.000143857010489969,0
189,3,13,0.3,1.3,1.33416640641263,77.0053832080835,0.518239394505042,0.000143857010489969,0
190,4,-4,0.4,-0.4,0.565685424949238,-45,0.517103936097389,0.000143541820919681,0
191,4,4,0.4,0.4,0.565685424949238,45,0.517103936097389,0.000143541820919681,0
192,2,-13,0.2,-1.3,1.31529464379659,-81.2538377374448,0.513621987949141,0.000142575274075502,0
193,2,13,0.2,1.3,1.31529464379659,81.2538377374448,0.513621987949141,0.000142575274075502,0
194,4,-13,0.4,-1.3,1.36014705087354,-72.8972710309476,0.499824659068366,0.000138745301853049,0
195,4,13,0.4,1.3,1.36014705087354,72.8972710309476,0.499824659068366,0.000138745301853049,0
196,7,-12,0.7,-1.2,1.38924439894498,-59.7435628364707,0.492714363496284,0.00013677156949008,0
197,7,12,0.7,1.2,1.38924439894498,59.7435628364707,0.492714363496284,0.00013677156949008,0
198,10,-9,1,-0.9,1.34536240470737,-41.9872124958167,0.487078557701411,0.000135207137719843,0
199,10,9,1,0.9,1.34536240470737,41.9872124958167,0.487078557701411,0.000135207137719843,0
200,1,-13,0.1,-1.3,1.30384048104053,-85.6012946450045,0.482974864742334,0.00013406800200897,0
201,1,13,0.1,1.3,1.30384048104053,85.6012946450045,0.482974864742334,0.00013406800200897,0
202,5,-13,0.5,-1.3,1.39283882771841,-68.9624889745782,0.465249273469018,0.00012914759148676,0
203,5,13,0.5,1.3,1.39283882771841,68.9624889745782,0.465249273469018,0.00012914759148676,0
204,11,-7,1.1,-0.7,1.30384048104053,-32.4711922908485,0.462269431313038,0.000128320423215038,0
205,11,7,1.1,0.7,1.30384048104053,32.4711922908485,0.462269431313038,0.000128320423215038,0
206,2,-5,0.2,-0.5,0.53851648071345,-68.1985905136482,0.457112555436545,0.000126888936618446,0
207,2,5,0.2,0.5,0.53851648071345,68.1985905136482,0.457112555436545,0.000126888936618446,0
208,8,-1,0.8,-0.1,0.806225774829855,-7.1250163489018,0.454976850988542,0.000126296090801556,0
209,8,1,0.8,0.1,0.806225774829855,7.1250163489018,0.454976850988542,0.000126296090801556,0
210,7,-2,0.7,-0.2,0.728010988928052,-15.9453959009229,0.434502969326342,0.000120612787987684,0
211,7,2,0.7,0.2,0.728010988928052,15.9453959009229,0.434502969326342,0.000120612787987684,0
212,9,-11,0.9,-1.1,1.42126704035519,-50.7105931374996,0.422534916948125,0.000117290600877301,0
213,9,11,0.9,1.1,1.42126704035519,50.7105931374996,0.422534916948125,0.000117290600877301,0
214,6,-13,0.6,-1.3,1.43178210632764,-65.2248594311681,0.422158580055732,0.000117186134291297,0
215,6,13,0.6,1.3,1.43178210632764,65.2248594311681,0.422158580055732,0.000117186134291297,0
216,5,-3,0.5,-0.3,0.58309518948453,-30.9637565320735,0.415138666411612,0.000115237490862316,0
217,5,3,0.5,0.3,0.58309518948453,30.9637565320735,0.415138666411612,0.000115237490862316,0
218,8,-12,0.8,-1.2,1.4422205101856,-56.3099324740202,0.412387872427193,0.000114473903602706,0
219,8,12,0.8,1.2,1.4422205101856,56.3099324740202,0.412387872427193,0.000114473903602706,0
220,8,0,0.8,0,0.8,0,0.408035777628307,0.000113265814534651,0
221,11,-8,1.1,-0.8,1.36014705087354,-36.0273733851036,0.40161905868648,0.000111484610685787,0
222,11,8,1.1,0.8,1.36014705087354,36.0273733851036,0.40161905868648,0.000111484610685787,0
223,10,-10,1,-1,1.4142135623731,-45,0.400641498957728,0.000111213251885887,0
224,10,10,1,1,1.4142135623731,45,0.400641498957728,0.000111213251885887,0
225,7,-13,0.7,-1.3,1.47648230602334,-61.6992442339936,0.376584869125638,0.000104535421356594,0
226,7,13,0.7,1.3,1.47648230602334,61.6992442339936,0.376584869125638,0.000104535421356594,0
227,3,-14,0.3,-1.4,1.43178210632764,-77.9052429229879,0.358633531825898,9.95523464579671e-05,0
228,3,14,0.3,1.4,1.43178210632764,77.9052429229879,0.358633531825898,9.95523464579671e-05,0
229,4,-14,0.4,-1.4,1.4560219778561,-74.0546040990772,0.3575469335093,9.9250719860131e-05,0
230,4,14,0.4,1.4,1.4560219778561,74.0546040990772,0.3575469335093,9.9250719860131e-05,0
231,11,-9,1.1,-0.9,1.42126704035519,-39.2894068625004,0.350743704731278,9.73622255386596e-05,0
232,11,9,1.1,0.9,1.42126704035519,39.2894068625004,0.350743704731278,9.73622255386596e-05,0
233,12,-4,1.2,-0.4,1.26491106406735,-18.434948822922,0.348725344232325,9.68019529878865e-05,0
234,12,4,1.2,0.4,1.26491106406735,18.434948822922,0.348725344232325,9.68019529878865e-05,0
235,2,-14,0.2,-1.4,1.4142135623731,-81.869897645844,0.347196699700622,9.63776196879399e-05,0
236,2,14,0.2,1.4,1.4142135623731,81.869897645844,0.347196699700622,9.63776196879399e-05,0
237,12,-3,1.2,-0.3,1.2369316876853,-14.0362434679265,0.346156403698705,9.60888460546591e-05,0
238,12,3,1.2,0.3,1.2369316876853,14.0362434679265,0.346156403698705,9.60888460546591e-05,0
239,5,-14,0.5,-1.4,1.48660687473185,-70.3461759419467,0.345952658789895,9.60322889233512e-05,0
240,5,14,0.5,1.4,1.48660687473185,70.3461759419467,0.345952658789895,9.60322889233512e-05,0
241,9,-12,0.9,-1.2,1.5,-53.130102354156,0.345821432698712,9.59958621418752e-05,0
242,9,12,0.9,1.2,1.5,53.130102354156,0.345821432698712,9.59958621418752e-05,0
243,6,-2,0.6,-0.2,0.632455532033676,-18.434948822922,0.344598689022527,9.56564432329375e-05,0
244,6,2,0.6,0.2,0.632455532033676,18.434948822922,0.344598689022527,9.56564432329375e-05,0
245,12,-5,1.2,-0.5,1.3,-22.6198649480404,0.341500546587785,9.47964362294949e-05,0
246,12,5,1.2,0.5,1.3,22.6198649480404,0.341500546587785,9.47964362294949e-05,0
247,10,-11,1,-1.1,1.48660687473185,-47.7263109939063,0.338226931258302,9.38877200651375e-05,0
248,10,11,1,1.1,1.48660687473185,47.7263109939063,0.338226931258302,9.38877200651375e-05,0
249,12,-2,1.2,-0.2,1.21655250605964,-9.46232220802562,0.33632932129064,9.33609664066579e-05,0
250,12,2,1.2,0.2,1.21655250605964,9.46232220802562,0.33632932129064,9.33609664066579e-05,0
251,8,-13,0.8,-1.3,1.52643375224737,-58.3924977537511,0.332149666440133,9.22007445901592e-05,0
252,8,13,0.8,1.3,1.52643375224737,58.3924977537511,0.332149666440133,9.22007445901592e-05,0
253,6,-14,0.6,-1.4,1.52315462117278,-66.8014094863518,0.326640186558047,9.06713793709277e-05,0
254,6,14,0.6,1.4,1.52315462117278,66.8014094863518,0.326640186558047,9.06713793709277e-05,0
255,12,-6,1.2,-0.6,1.34164078649987,-26.565051177078,0.326232438456444,9.05581934117908e-05,0
256,12,6,1.2,0.6,1.34164078649987,26.565051177078,0.326232438456444,9.05581934117908e-05,0
257,12,-1,1.2,-0.1,1.20415945787923,-4.76364169072618,0.325720732003381,9.04161498671153e-05,0
258,12,1,1.2,0.1,1.20415945787923,4.76364169072618,0.325720732003381,9.04161498671153e-05,0
259,1,-14,0.1,-1.4,1.40356688476182,-85.9143832200251,0.322954835628214,8.96483703658354e-05,0
260,1,14,0.1,1.4,1.40356688476182,85.9143832200251,0.322954835628214,8.96483703658354e-05,0
261,12,0,1.2,0,1.2,0,0.321207268759883,8.91632668635256e-05,0
262,7,-1,0.7,-0.1,0.707106781186548,-8.13010235415598,0.320221770572075,8.88897044430601e-05,0
263,7,1,0.7,0.1,0.707106781186548,8.13010235415598,0.320221770572075,8.88897044430601e-05,0
264,3,-4,0.3,-0.4,0.5,-53.130102354156,0.312088121834736,8.66319015740855e-05,0
265,3,4,0.3,0.4,0.5,53.130102354156,0.312088121834736,8.66319015740855e-05,0
266,11,-10,1.1,-1,1.48660687473185,-42.2736890060937,0.30941308149393,8.58893426130172e-05,0
267,11,10,1.1,1,1.48660687473185,42.2736890060937,0.30941308149393,8.58893426130172e-05,0
268,12,-7,1.2,-0.7,1.38924439894498,-30.2564371635293,0.306640367203992,8.51196705407613e-05,0
269,12,7,1.2,0.7,1.38924439894498,30.2564371635293,0.306640367203992,8.51196705407613e-05,0
270,7,-14,0.7,-1.4,1.56524758424985,-63.434948822922,0.302332808335403,8.39239441102444e-05,0
271,7,14,0.7,1.4,1.56524758424985,63.434948822922,0.302332808335403,8.39239441102444e-05,0
272,1,-5,0.1,-0.5,0.509901951359279,-78.6900675259798,0.29547710044668,8.20208822200804e-05,0
273,1,5,0.1,0.5,0.509901951359279,78.6900675259798,0.29547710044668,8.20208822200804e-05,0
274,10,-12,1,-1.2,1.56204993518133,-50.1944289077348,0.290837772836778,8.0733060785198e-05,0
275,10,12,1,1.2,1.56204993518133,50.1944289077348,0.290837772836778,8.0733060785198e-05,0
276,9,-13,0.9,-1.3,1.58113883008419,-55.304846468766,0.290515504659113,8.06436030228075e-05,0
277,9,13,0.9,1.3,1.58113883008419,55.304846468766,0.290515504659113,8.06436030228075e-05,0
278,12,-8,1.2,-0.8,1.4422205101856,-33.6900675259798,0.285874800008768,7.93553993380932e-05,0
279,12,8,1.2,0.8,1.4422205101856,33.6900675259798,0.285874800008768,7.93553993380932e-05,0
280,7,0,0.7,0,0.7,0,0.282357499031451,7.83790389746101e-05,0
281,4,-15,0.4,-1.5,1.552417469626,-75.0685828218625,0.275995562977101,7.66130421951079e-05,0
282,4,15,0.4,1.5,1.552417469626,75.0685828218625,0.275995562977101,7.66130421951079e-05,0
283,8,-14,0.8,-1.4,1.61245154965971,-60.2551187030578,0.275263138207581,7.64097299057118e-05,0
284,8,14,0.8,1.4,1.61245154965971,60.2551187030578,0.275263138207581,7.64097299057118e-05,0
285,11,-11,1.1,-1.1,1.5556349186104,-45,0.274987048340118,7.63330906857278e-05,0
286,11,11,1.1,1.1,1.5556349186104,45,0.274987048340118,7.63330906857278e-05,0
287,5,-15,0.5,-1.5,1.58113883008419,-71.565051177078,0.272882879611047,7.57489988043693e-05,0
288,5,15,0.5,1.5,1.58113883008419,71.565051177078,0.272882879611047,7.57489988043693e-05,0
289,3,-15,0.3,-1.5,1.52970585407784,-78.6900675259798,0.271733343175923,7.54299013433124e-05,0
290,3,15,0.3,1.5,1.52970585407784,78.6900675259798,0.271733343175923,7.54299013433124e-05,0
291,12,-9,1.2,-0.9,1.5,-36.869897645844,0.265438414273499,7.36825049416658e-05,0
292,12,9,1.2,0.9,1.5,36.869897645844,0.265438414273499,7.36825049416658e-05,0
293,6,-15,0.6,-1.5,1.61554944214035,-68.1985905136482,0.263444174704527,7.31289280703684e-05,0
294,6,15,0.6,1.5,1.61554944214035,68.1985905136482,0.263444174704527,7.31289280703684e-05,0
295,2,-15,0.2,-1.5,1.51327459504216,-82.4053566314086,0.259680143440668,7.20840783527457e-05,0
296,2,15,0.2,1.5,1.51327459504216,82.4053566314086,0.259680143440668,7.20840783527457e-05,0
297,10,-13,1,-1.3,1.64012194668567,-52.4314079711725,0.252256659711421,7.00234087316522e-05,0
298,10,13,1,1.3,1.64012194668567,52.4314079711725,0.252256659711421,7.00234087316522e-05,0
299,7,-15,0.7,-1.5,1.65529453572468,-64.9831065219,0.249049091197185,6.91330263672617e-05,0
300,7,15,0.7,1.5,1.65529453572468,64.9831065219,0.249049091197185,6.91330263672617e-05,0
301,9,-14,0.9,-1.4,1.66433169770932,-57.2647737278924,0.247121634745952,6.85979876846298e-05,0
302,9,14,0.9,1.4,1.66433169770932,57.2647737278924,0.247121634745952,6.85979876846298e-05,0
303,12,-10,1.2,-1,1.56204993518133,-39.8055710922652,0.245505957313237,6.81494951002161e-05,0
304,12,10,1.2,1,1.56204993518133,39.8055710922652,0.245505957313237,6.81494951002161e-05,0
305,11,-12,1.1,-1.2,1.62788205960997,-47.4895529219992,0.244882007096594,6.79762940394468e-05,0
306,11,12,1.1,1.2,1.62788205960997,47.4895529219992,0.244882007096594,6.79762940394468e-05,0
307,1,-15,0.1,-1.5,1.50332963783729,-86.1859251657096,0.240326244432064,6.67116692263387e-05,0
308,1,15,0.1,1.5,1.50332963783729,86.1859251657096,0.240326244432064,6.67116692263387e-05,0
309,4,-3,0.4,-0.3,0.5,-36.869897645844,0.239546101949035,6.649511107473e-05,0
310,4,3,0.4,0.3,0.5,36.869897645844,0.239546101949035,6.649511107473e-05,0
311,6,-1,0.6,-0.1,0.608276253029822,-9.46232220802562,0.231589340209877,6.42864099047438e-05,0
312,6,1,0.6,0.1,0.608276253029822,9.46232220802562,0.231589340209877,6.42864099047438e-05,0
313,8,-15,0.8,-1.5,1.7,-61.927513064147,0.2311452799787,6.41631441360432e-05,0
314,8,15,0.8,1.5,1.7,61.927513064147,0.2311452799787,6.41631441360432e-05,0
315,12,-11,1.2,-1.1,1.62788205960997,-42.5104470780008,0.225757858573253,6.26676608789716e-05,0
316,12,11,1.2,1.1,1.62788205960997,42.5104470780008,0.225757858573253,6.26676608789716e-05,0
317,13,-6,1.3,-0.6,1.43178210632764,-24.7751405688319,0.222995619423458,6.19008965793811e-05,0
318,13,6,1.3,0.6,1.43178210632764,24.7751405688319,0.222995619423458,6.19008965793811e-05,0
319,5,-2,0.5,-0.2,0.53851648071345,-21.8014094863518,0.222457777157209,6.17515980479339e-05,0
320,5,2,0.5,0.2,0.53851648071345,21.8014094863518,0.222457777157209,6.17515980479339e-05,0
321,13,-5,1.3,-0.5,1.39283882771841,-21.0375110254218,0.221953734411296,6.16116818560059e-05,0
322,13,5,1.3,0.5,1.39283882771841,21.0375110254218,0.221953734411296,6.16116818560059e-05,0
323,4,-16,0.4,-1.6,1.64924225024706,-75.9637565320735,0.221778795788394,6.15631210025145e-05,0
324,4,16,0.4,1.6,1.64924225024706,75.9637565320735,0.221778795788394,6.15631210025145e-05,0
325,5,-16,0.5,-1.6,1.67630546142402,-72.6459753637387,0.221738987710917,6.15520707599435e-05,0
326,5,16,0.5,1.6,1.67630546142402,72.6459753637387,0.221738987710917,6.15520707599435e-05,0
327,13,-7,1.3,-0.7,1.47648230602334,-28.3007557660064,0.22073164213506,6.12724437678437e-05,0
328,13,7,1.3,0.7,1.47648230602334,28.3007557660064,0.22073164213506,6.12724437678437e-05,0
329,10,-14,1,-1.4,1.72046505340853,-54.4623222080256,0.219170649423811,6.08391310030906e-05,0
330,10,14,1,1.4,1.72046505340853,54.4623222080256,0.219170649423811,6.08391310030906e-05,0
331,11,-13,1.1,-1.3,1.70293863659264,-49.7636416907262,0.21753679632309,6.03855930722779e-05,0
332,11,13,1.1,1.3,1.70293863659264,49.7636416907262,0.21753679632309,6.03855930722779e-05,0
333,13,-4,1.3,-0.4,1.36014705087354,-17.1027289690524,0.217378277596985,6.03415901842576e-05,0
334,13,4,1.3,0.4,1.36014705087354,17.1027289690524,0.217378277596985,6.03415901842576e-05,0
335,6,-16,0.6,-1.6,1.70880074906351,-69.4439547804165,0.216742336546602,6.0165060612546e-05,0
336,6,16,0.6,1.6,1.70880074906351,69.4439547804165,0.216742336546602,6.0165060612546e-05,0
337,3,-16,0.3,-1.6,1.62788205960997,-79.3803447238449,0.216439291453582,6.00809389467913e-05,0
338,3,16,0.3,1.6,1.62788205960997,79.3803447238449,0.216439291453582,6.00809389467913e-05,0
339,13,-8,1.3,-0.8,1.52643375224737,-31.6075022462489,0.215600571904514,5.98481205075763e-05,0
340,13,8,1.3,0.8,1.52643375224737,31.6075022462489,0.215600571904514,5.98481205075763e-05,0
341,9,-15,0.9,-1.5,1.74928556845359,-59.0362434679265,0.211106958863495,5.86007476809752e-05,0
342,9,15,0.9,1.5,1.74928556845359,59.0362434679265,0.211106958863495,5.86007476809752e-05,0
343,13,-3,1.3,-0.3,1.33416640641263,-12.9946167919165,0.209845896674193,5.82506920145816e-05,0
344,13,3,1.3,0.3,1.33416640641263,12.9946167919165,0.209845896674193,5.82506920145816e-05,0
345,13,-9,1.3,-0.9,1.58113883008419,-34.695153531234,0.207946514293434,5.77234463555861e-05,0
346,13,9,1.3,0.9,1.58113883008419,34.695153531234,0.207946514293434,5.77234463555861e-05,0
347,7,-16,0.7,-1.6,1.7464249196573,-66.3706222693432,0.207553324228917,5.76143015321018e-05,0
348,7,16,0.7,1.6,1.7464249196573,66.3706222693432,0.207553324228917,5.76143015321018e-05,0
349,12,-12,1.2,-1.2,1.69705627484771,-45,0.206011115954878,5.71862031007427e-05,0
350,12,12,1.2,1.2,1.69705627484771,45,0.206011115954878,5.71862031007427e-05,0
351,2,-16,0.2,-1.6,1.61245154965971,-82.8749836510982,0.205768685441495,5.71189073118146e-05,0
352,2,16,0.2,1.6,1.61245154965971,82.8749836510982,0.205768685441495,5.71189073118146e-05,0
353,13,-2,1.3,-0.2,1.31529464379659,-8.74616226255521,0.201185193051825,5.58465850611852e-05,0
354,13,2,1.3,0.2,1.31529464379659,8.74616226255521,0.201185193051825,5.58465850611852e-05,0
355,13,-10,1.3,-1,1.64012194668567,-37.5685920288275,0.198039803813379,5.49734629144169e-05,0
356,13,10,1.3,1,1.64012194668567,37.5685920288275,0.198039803813379,5.49734629144169e-05,0
357,8,-16,0.8,-1.6,1.78885438199983,-63.434948822922,0.195132096332959,5.41663183593178e-05,0
358,8,16,0.8,1.6,1.78885438199983,63.434948822922,0.195132096332959,5.41663183593178e-05,0
359,13,-1,1.3,-0.1,1.30384048104053,-4.39870535499553,0.194196721234753,5.39066695044808e-05,0
360,13,1,1.3,0.1,1.30384048104053,4.39870535499553,0.194196721234753,5.39066695044808e-05,0
361,6,0,0.6,0,0.6,0,0.193796321226987,5.37955232876395e-05,0
362,11,-14,1.1,-1.4,1.78044938147649,-51.8427734126309,0.192353799662086,5.3395096685389e-05,0
363,11,14,1.1,1.4,1.78044938147649,51.8427734126309,0.192353799662086,5.3395096685389e-05,0
364,13,0,1.3,0,1.3,0,0.191507109990331,5.3160065836166e-05,0
365,1,-16,0.1,-1.6,1.60312195418814,-86.4236656250027,0.190353084990057,5.28397224035162e-05,0
366,1,16,0.1,1.6,1.60312195418814,86.4236656250027,0.190353084990057,5.28397224035162e-05,0
367,10,-15,1,-1.5,1.80277563773199,-56.3099324740202,0.190147022268311,5.27825218752697e-05,0
368,10,15,1,1.5,1.80277563773199,56.3099324740202,0.190147022268311,5.27825218752697e-05,0
369,12,-13,1.2,-1.3,1.76918060129541,-47.2906100426385,0.186416008790777,5.17468374972257e-05,0
370,12,13,1.2,1.3,1.76918060129541,47.2906100426385,0.186416008790777,5.17468374972257e-05,0
371,13,-11,1.3,-1.1,1.70293863659264,-40.2363583092738,0.186221105127614,5.16927345891616e-05,0
372,13,11,1.3,1.1,1.70293863659264,40.2363583092738,0.186221105127614,5.16927345891616e-05,0
373,5,-17,0.5,-1.7,1.77200451466694,-73.6104596659652,0.182703884940987,5.07163966522001e-05,0
374,5,17,0.5,1.7,1.77200451466694,73.6104596659652,0.182703884940987,5.07163966522001e-05,0
375,4,-17,0.4,-1.7,1.7464249196573,-76.7594800848128,0.181595798107738,5.04088051011049e-05,0
376,4,17,0.4,1.7,1.7464249196573,76.7594800848128,0.181595798107738,5.04088051011049e-05,0
377,9,-16,0.9,-1.6,1.83575597506858,-60.6422464572087,0.180498956479203,5.01043350833196e-05,0
378,9,16,0.9,1.6,1.83575597506858,60.6422464572087,0.180498956479203,5.01043350833196e-05,0
379,6,-17,0.6,-1.7,1.80277563773199,-70.5599651718238,0.179997739047307,4.99652031645142e-05,0
380,6,17,0.6,1.7,1.80277563773199,70.5599651718238,0.179997739047307,4.99652031645142e-05,0
381,3,-17,0.3,-1.7,1.72626765016321,-79.9920201985587,0.176494027728525,4.89926151264682e-05,0
382,3,17,0.3,1.7,1.72626765016321,79.9920201985587,0.176494027728525,4.89926151264682e-05,0
383,7,-17,0.7,-1.7,1.83847763108502,-67.6198649480404,0.173931354406148,4.82812478955543e-05,0
384,7,17,0.7,1.7,1.83847763108502,67.6198649480404,0.173931354406148,4.82812478955543e-05,0
385,13,-12,1.3,-1.2,1.76918060129541,-42.7093899573615,0.17297738745069,4.80164381651989e-05,0
386,13,12,1.3,1.2,1.76918060129541,42.7093899573615,0.17297738745069,4.80164381651989e-05,0
387,11,-15,1.1,-1.5,1.86010752377383,-53.7461622625552,0.169264441799258,4.69857691979412e-05,0
388,11,15,1.1,1.5,1.86010752377383,53.7461622625552,0.169264441799258,4.69857691979412e-05,0
389,14,-8,1.4,-0.8,1.61245154965971,-29.7448812969422,0.168624008319987,4.68079925821099e-05,0
390,14,8,1.4,0.8,1.61245154965971,29.7448812969422,0.168624008319987,4.68079925821099e-05,0
391,14,-7,1.4,-0.7,1.56524758424985,-26.565051177078,0.168235004173672,4.67000097190732e-05,0
392,14,7,1.4,0.7,1.56524758424985,26.565051177078,0.168235004173672,4.67000097190732e-05,0
393,2,-17,0.2,-1.7,1.71172427686237,-83.2901631922431,0.167553736200879,4.6510897939946e-05,0
394,2,17,0.2,1.7,1.71172427686237,83.2901631922431,0.167553736200879,4.6510897939946e-05,0
395,12,-14,1.2,-1.4,1.84390889145858,-49.3987053549955,0.167347423354498,4.64536279801153e-05,0
396,12,14,1.2,1.4,1.84390889145858,49.3987053549955,0.167347423354498,4.64536279801153e-05,0
397,14,-9,1.4,-0.9,1.66433169770932,-32.7352262721076,0.166203045539886,4.61359624899448e-05,0
398,14,9,1.4,0.9,1.66433169770932,32.7352262721076,0.166203045539886,4.61359624899448e-05,0
399,8,-17,0.8,-1.7,1.87882942280559,-64.7988763545249,0.165143812549515,4.58419321768832e-05,0
400,8,17,0.8,1.7,1.87882942280559,64.7988763545249,0.165143812549515,4.58419321768832e-05,0
401,14,-6,1.4,-0.6,1.52315462117278,-23.1985905136482,0.165070151223998,4.58214846806297e-05,0
402,14,6,1.4,0.6,1.52315462117278,23.1985905136482,0.165070151223998,4.58214846806297e-05,0
403,10,-16,1,-1.6,1.88679622641132,-57.9946167919165,0.164624255999104,4.5697709539787e-05,0
404,10,16,1,1.6,1.88679622641132,57.9946167919165,0.164624255999104,4.5697709539787e-05,0
405,14,-10,1.4,-1,1.72046505340853,-35.5376777919744,0.161168939638109,4.47385553588038e-05,0
406,14,10,1.4,1,1.72046505340853,35.5376777919744,0.161168939638109,4.47385553588038e-05,0
407,14,-5,1.4,-0.5,1.48660687473185,-19.6538240580533,0.159426835251117,4.42549681754837e-05,0
408,14,5,1.4,0.5,1.48660687473185,19.6538240580533,0.159426835251117,4.42549681754837e-05,0
409,13,-13,1.3,-1.3,1.83847763108502,-45,0.15889948021658,4.41085807731756e-05,0
410,13,13,1.3,1.3,1.83847763108502,45,0.15889948021658,4.41085807731756e-05,0
411,1,-17,0.1,-1.7,1.70293863659264,-86.6335393365702,0.15527490558053,4.3102442534808e-05,0
412,1,17,0.1,1.7,1.70293863659264,86.6335393365702,0.15527490558053,4.3102442534808e-05,0
413,9,-17,0.9,-1.7,1.92353840616713,-62.1027289690524,0.154361830557956,4.2848983912223e-05,0
414,9,17,0.9,1.7,1.92353840616713,62.1027289690524,0.154361830557956,4.2848983912223e-05,0
415,14,-11,1.4,-1.1,1.78044938147649,-38.1572265873691,0.153915337156471,4.27250427247677e-05,0
416,14,11,1.4,1.1,1.78044938147649,38.1572265873691,0.153915337156471,4.27250427247677e-05,0
417,14,-4,1.4,-0.4,1.4560219778561,-15.9453959009229,0.151932804001303,4.21747154128656e-05,0
418,14,4,1.4,0.4,1.4560219778561,15.9453959009229,0.151932804001303,4.21747154128656e-05,0
419,5,-18,0.5,-1.8,1.86815416922694,-74.4758890032457,0.151691188018699,4.21076457278657e-05,0
420,5,18,0.5,1.8,1.86815416922694,74.4758890032457,0.151691188018699,4.21076457278657e-05,0
421,6,-18,0.6,-1.8,1.89736659610103,-71.565051177078,0.150317107217123,4.17262174567184e-05,0
422,6,18,0.6,1.8,1.89736659610103,71.565051177078,0.150317107217123,4.17262174567184e-05,0
423,4,-18,0.4,-1.8,1.84390889145858,-77.4711922908485,0.150142529724255,4.16777568485729e-05,0
424,4,18,0.4,1.8,1.84390889145858,77.4711922908485,0.150142529724255,4.16777568485729e-05,0
425,12,-15,1.2,-1.5,1.92093727122985,-51.3401917459099,0.149217693282027,4.14210333976314e-05,0
426,12,15,1.2,1.5,1.92093727122985,51.3401917459099,0.149217693282027,4.14210333976314e-05,0
427,11,-16,1.1,-1.6,1.94164878389476,-55.4914770123316,0.148350655568945,4.11803541773549e-05,0
428,11,16,1.1,1.6,1.94164878389476,55.4914770123316,0.148350655568945,4.11803541773549e-05,0
429,7,-18,0.7,-1.8,1.9313207915828,-68.7494944928668,0.146295539841212,4.06098788180184e-05,0
430,7,18,0.7,1.8,1.9313207915828,68.7494944928668,0.146295539841212,4.06098788180184e-05,0
431,3,-18,0.3,-1.8,1.82482875908947,-80.5376777919744,0.145599341459999,4.04166225374438e-05,0
432,3,18,0.3,1.8,1.82482875908947,80.5376777919744,0.145599341459999,4.04166225374438e-05,0
433,14,-12,1.4,-1.2,1.84390889145858,-40.6012946450045,0.144968531503887,4.0241517295666e-05,0
434,14,12,1.4,1.2,1.84390889145858,40.6012946450045,0.144968531503887,4.0241517295666e-05,0
435,13,-14,1.3,-1.4,1.91049731745428,-47.1210963966615,0.144580042814993,4.01336775173975e-05,0
436,13,14,1.3,1.4,1.91049731745428,47.1210963966615,0.144580042814993,4.01336775173975e-05,0
437,14,-3,1.4,-0.3,1.43178210632764,-12.0947570770121,0.14362681211307,3.98690721621508e-05,0
438,14,3,1.4,0.3,1.43178210632764,12.0947570770121,0.14362681211307,3.98690721621508e-05,0
439,2,-4,0.2,-0.4,0.447213595499958,-63.434948822922,0.142371450220102,3.95205988293236e-05,0
440,2,4,0.2,0.4,0.447213595499958,63.434948822922,0.142371450220102,3.95205988293236e-05,0
441,10,-17,1,-1.7,1.9723082923316,-59.5344550805401,0.142311848294856,3.95040540531522e-05,0
442,10,17,1,1.7,1.9723082923316,59.5344550805401,0.142311848294856,3.95040540531522e-05,0
443,8,-18,0.8,-1.8,1.96977156035922,-66.0375110254218,0.140050839655857,3.8876425302912e-05,0
444,8,18,0.8,1.8,1.96977156035922,66.0375110254218,0.140050839655857,3.8876425302912e-05,0
445,2,-18,0.2,-1.8,1.81107702762748,-83.6598082540901,0.138223530426739,3.83691862822415e-05,0
446,2,18,0.2,1.8,1.81107702762748,83.6598082540901,0.138223530426739,3.83691862822415e-05,0
447,14,-2,1.4,-0.2,1.4142135623731,-8.13010235415598,0.135942021882627,3.77358670053913e-05,0
448,14,2,1.4,0.2,1.4142135623731,8.13010235415598,0.135942021882627,3.77358670053913e-05,0
449,14,-13,1.4,-1.3,1.91049731745428,-42.8789036033385,0.134901816324968,3.74471184783466e-05,0
450,14,13,1.4,1.3,1.91049731745428,42.8789036033385,0.134901816324968,3.74471184783466e-05,0
451,15,-8,1.5,-0.8,1.7,-28.072486935853,0.13455102437499,3.73497428605089e-05,0
452,15,8,1.5,0.8,1.7,28.072486935853,0.13455102437499,3.73497428605089e-05,0
453,15,-9,1.5,-0.9,1.74928556845359,-30.9637565320735,0.134301518891626,3.7280483145176e-05,0
454,15,9,1.5,0.9,1.74928556845359,30.9637565320735,0.134301518891626,3.7280483145176e-05,0
455,15,-7,1.5,-0.7,1.65529453572468,-25.0168934781,0.132469017487226,3.67718028392193e-05,0
456,15,7,1.5,0.7,1.65529453572468,25.0168934781,0.132469017487226,3.67718028392193e-05,0
457,12,-16,1.2,-1.6,2,-53.130102354156,0.132349966558361,3.67387557360773e-05,0
458,12,16,1.2,1.6,2,53.130102354156,0.132349966558361,3.67387557360773e-05,0
459,9,-18,0.9,-1.8,2.01246117974981,-63.434948822922,0.132091583831872,3.66670318050347e-05,0
460,9,18,0.9,1.8,2.01246117974981,63.434948822922,0.132091583831872,3.66670318050347e-05,0
461,15,-10,1.5,-1,1.80277563773199,-33.6900675259798,0.13181338637162,3.65898075426918e-05,0
462,15,10,1.5,1,1.80277563773199,33.6900675259798,0.13181338637162,3.65898075426918e-05,0
463,13,-15,1.3,-1.5,1.98494332412792,-49.0856167799749,0.130525136593343,3.62322049292427e-05,0
464,13,15,1.3,1.5,1.98494332412792,49.0856167799749,0.130525136593343,3.62322049292427e-05,0
465,14,-1,1.4,-0.1,1.40356688476182,-4.08561677997488,0.130465130107131,3.62155478518223e-05,0
466,14,1,1.4,0.1,1.40356688476182,4.08561677997488,0.130465130107131,3.62155478518223e-05,0
467,11,-17,1.1,-1.7,2.02484567313166,-57.0947570770121,0.129653052868117,3.59901249968055e-05,0
468,11,17,1.1,1.7,2.02484567313166,57.0947570770121,0.129653052868117,3.59901249968055e-05,0
469,14,0,1.4,0,1.4,0,0.128474771514057,3.56630482926638e-05,0
470,1,-18,0.1,-1.8,1.80277563773199,-86.8201698801358,0.128406388593621,3.56440660180495e-05,0
471,1,18,0.1,1.8,1.80277563773199,86.8201698801358,0.128406388593621,3.56440660180495e-05,0
472,15,-6,1.5,-0.6,1.61554944214035,-21.8014094863518,0.128207385276951,3.55888250955774e-05,0
473,15,6,1.5,0.6,1.61554944214035,21.8014094863518,0.128207385276951,3.55888250955774e-05,0
474,15,-11,1.5,-1.1,1.86010752377383,-36.2538377374448,0.127367409314567,3.53556578911673e-05,0
475,15,11,1.5,1.1,1.86010752377383,36.2538377374448,0.127367409314567,3.53556578911673e-05,0
476,5,-19,0.5,-1.9,1.96468827043885,-75.2564371635293,0.126660632320155,3.51594651150538e-05,0
477,5,19,0.5,1.9,1.96468827043885,75.2564371635293,0.126660632320155,3.51594651150538e-05,0
478,6,-19,0.6,-1.9,1.99248588451713,-72.4744316262771,0.126108613398983,3.50062313150464e-05,0
479,6,19,0.6,1.9,1.99248588451713,72.4744316262771,0.126108613398983,3.50062313150464e-05,0
480,4,-19,0.4,-1.9,1.94164878389476,-78.111341960372,0.124967776692149,3.46895487937203e-05,0
481,4,19,0.4,1.9,1.94164878389476,78.111341960372,0.124967776692149,3.46895487937203e-05,0
482,14,-14,1.4,-1.4,1.97989898732233,-45,0.124256497023928,3.44921061296202e-05,0
483,14,14,1.4,1.4,1.97989898732233,45,0.124256497023928,3.44921061296202e-05,0
484,7,-19,0.7,-1.9,2.02484567313166,-69.7751405688319,0.123478005931884,3.42760063842478e-05,0
485,7,19,0.7,1.9,2.02484567313166,69.7751405688319,0.123478005931884,3.42760063842478e-05,0
486,10,-18,1,-1.8,2.0591260281974,-60.9453959009229,0.122947993941834,3.4128881443109e-05,0
487,10,18,1,1.8,2.0591260281974,60.9453959009229,0.122947993941834,3.4128881443109e-05,0
488,15,-5,1.5,-0.5,1.58113883008419,-18.434948822922,0.12219377467759,3.39195192646282e-05,0
489,15,5,1.5,0.5,1.58113883008419,18.434948822922,0.12219377467759,3.39195192646282e-05,0
490,15,-12,1.5,-1.2,1.92093727122985,-38.6598082540901,0.121359677734481,3.36879840051193e-05,0
491,15,12,1.5,1.2,1.92093727122985,38.6598082540901,0.121359677734481,3.36879840051193e-05,0
492,3,-19,0.3,-1.9,1.92353840616713,-81.0273733851036,0.12101125416223,3.35912658203967e-05,0
493,3,19,0.3,1.9,1.92353840616713,81.0273733851036,0.12101125416223,3.35912658203967e-05,0
494,8,-19,0.8,-1.9,2.06155281280883,-67.1663458220824,0.119049779471236,3.30467840843689e-05,0
495,8,19,0.8,1.9,2.06155281280883,67.1663458220824,0.119049779471236,3.30467840843689e-05,0
496,5,-1,0.5,-0.1,0.509901951359279,-11.3099324740202,0.117392333382972,3.25866970245387e-05,0
497,5,1,0.5,0.1,0.509901951359279,11.3099324740202,0.117392333382972,3.25866970245387e-05,0
498,13,-16,1.3,-1.6,2.06155281280883,-50.9061411137705,0.117111653517617,3.25087836764551e-05,0
499,13,16,1.3,1.6,2.06155281280883,50.9061411137705,0.117111653517617,3.25087836764551e-05,0
500,12,-17,1.2,-1.7,2.08086520466848,-54.7824070318073,0.116935960259042,3.24600133451954e-05,0
501,12,17,1.2,1.7,2.08086520466848,54.7824070318073,0.116935960259042,3.24600133451954e-05,0
502,15,-4,1.5,-0.4,1.552417469626,-14.9314171781376,0.115131638586664,3.19591553932474e-05,0
503,15,4,1.5,0.4,1.552417469626,14.9314171781376,0.115131638586664,3.19591553932474e-05,0
504,2,-19,0.2,-1.9,1.91049731745428,-83.9909940425055,0.114935207669264,3.19046285378124e-05,0
505,2,19,0.2,1.9,1.91049731745428,83.9909940425055,0.114935207669264,3.19046285378124e-05,0
506,15,-13,1.5,-1.3,1.98494332412792,-40.9143832200251,0.114229168887527,3.17086406806412e-05,0
507,15,13,1.5,1.3,1.98494332412792,40.9143832200251,0.114229168887527,3.17086406806412e-05,0
508,14,-15,1.4,-1.5,2.05182845286832,-46.974934010882,0.113490146525128,3.15034969789713e-05,0
509,14,15,1.4,1.5,2.05182845286832,46.974934010882,0.113490146525128,3.15034969789713e-05,0
510,9,-19,0.9,-1.9,2.10237960416286,-64.6538240580533,0.113177543995809,3.14167222840788e-05,0
511,9,19,0.9,1.9,2.10237960416286,64.6538240580533,0.113177543995809,3.14167222840788e-05,0
512,11,-18,1.1,-1.8,2.1095023109729,-58.5704343851615,0.113120918972032,3.14010038598798e-05,0
513,11,18,1.1,1.8,2.1095023109729,58.5704343851615,0.113120918972032,3.14010038598798e-05,0
514,16,-9,1.6,-0.9,1.83575597506858,-29.3577535427913,0.10926385156309,3.03303284295826e-05,0
515,16,9,1.6,0.9,1.83575597506858,29.3577535427913,0.10926385156309,3.03303284295826e-05,0
516,16,-8,1.6,-0.8,1.78885438199983,-26.565051177078,0.108582489679962,3.01411905820782e-05,0
517,16,8,1.6,0.8,1.78885438199983,26.565051177078,0.108582489679962,3.01411905820782e-05,0
518,16,-10,1.6,-1,1.88679622641132,-32.0053832080835,0.108201431856769,3.00354135225771e-05,0
519,16,10,1.6,1,1.88679622641132,32.0053832080835,0.108201431856769,3.00354135225771e-05,0
520,15,-3,1.5,-0.3,1.52970585407784,-11.3099324740202,0.107958996366061,2.99681163520037e-05,0
521,15,3,1.5,0.3,1.52970585407784,11.3099324740202,0.107958996366061,2.99681163520037e-05,0
522,1,-19,0.1,-1.9,1.90262975904404,-86.9872124958167,0.107039335676984,2.97128296277628e-05,0
523,1,19,0.1,1.9,1.90262975904404,86.9872124958167,0.107039335676984,2.97128296277628e-05,0
524,15,-14,1.5,-1.4,2.05182845286832,-43.025065989118,0.106399627649863,2.95352543887055e-05,0
525,15,14,1.5,1.4,2.05182845286832,43.025065989118,0.106399627649863,2.95352543887055e-05,0
526,5,-20,0.5,-2,2.06155281280883,-75.9637565320735,0.1063148953949,2.95117337358563e-05,0
527,5,20,0.5,2,2.06155281280883,75.9637565320735,0.1063148953949,2.95117337358563e-05,0
528,6,-20,0.6,-2,2.08806130178211,-73.3007557660064,0.106274789963441,2.95006009514032e-05,0
529,6,20,0.6,2,2.08806130178211,73.3007557660064,0.106274789963441,2.95006009514032e-05,0
530,10,-19,1,-1.9,2.14709105535839,-62.24145939894,0.106244613917335,2.94922244446627e-05,0
531,10,19,1,1.9,2.14709105535839,62.24145939894,0.106244613917335,2.94922244446627e-05,0
532,16,-7,1.6,-0.7,1.7464249196573,-23.6293777306568,0.106147132184991,2.94651646905394e-05,0
533,16,7,1.6,0.7,1.7464249196573,23.6293777306568,0.106147132184991,2.94651646905394e-05,0
534,16,-11,1.6,-1.1,1.94164878389476,-34.5085229876684,0.105555982709362,2.93010687201858e-05,0
535,16,11,1.6,1.1,1.94164878389476,34.5085229876684,0.105555982709362,2.93010687201858e-05,0
536,4,-20,0.4,-2,2.03960780543711,-78.6900675259798,0.104622175263388,2.90418550267163e-05,0
537,4,20,0.4,2,2.03960780543711,78.6900675259798,0.104622175263388,2.90418550267163e-05,0
538,7,-20,0.7,-2,2.11896201004171,-70.7099537808113,0.104600458637282,2.90358267530214e-05,0
539,7,20,0.7,2,2.11896201004171,70.7099537808113,0.104600458637282,2.90358267530214e-05,0
540,13,-17,1.3,-1.7,2.14009345590327,-52.5946433685914,0.104585215419517,2.90315954194694e-05,0
541,13,17,1.3,1.7,2.14009345590327,52.5946433685914,0.104585215419517,2.90315954194694e-05,0
542,12,-18,1.2,-1.8,2.16333076527839,-56.3099324740202,0.103046972471104,2.8604597714717e-05,0
543,12,18,1.2,1.8,2.16333076527839,56.3099324740202,0.103046972471104,2.8604597714717e-05,0
544,14,-16,1.4,-1.6,2.12602916254693,-48.8140748342904,0.102955402458354,2.85791789827093e-05,0
545,14,16,1.4,1.6,2.12602916254693,48.8140748342904,0.102955402458354,2.85791789827093e-05,0
546,16,-6,1.6,-0.6,1.70880074906351,-20.5560452195835,0.102139339638978,2.83526497786151e-05,0
547,16,6,1.6,0.6,1.70880074906351,20.5560452195835,0.102139339638978,2.83526497786151e-05,0
548,15,-2,1.5,-0.2,1.51327459504216,-7.59464336859144,0.101745238788616,2.82432521319565e-05,0
549,15,2,1.5,0.2,1.51327459504216,7.59464336859144,0.101745238788616,2.82432521319565e-05,0
550,16,-12,1.6,-1.2,2,-36.869897645844,0.101586431408399,2.81991691170334e-05,0
551,16,12,1.6,1.2,2,36.869897645844,0.101586431408399,2.81991691170334e-05,0
552,8,-20,0.8,-2,2.1540659228538,-68.1985905136482,0.101477399766652,2.81689032472502e-05,0
553,8,20,0.8,2,2.1540659228538,68.1985905136482,0.101477399766652,2.81689032472502e-05,0
554,3,-20,0.3,-2,2.02237484161567,-81.4692343900519,0.101204644469929,2.80931896639181e-05,0
555,3,20,0.3,2,2.02237484161567,81.4692343900519,0.101204644469929,2.80931896639181e-05,0
556,11,-19,1.1,-1.9,2.19544984001001,-59.9314171781376,0.0986267659088848,2.73776016419921e-05,0
557,11,19,1.1,1.9,2.19544984001001,59.9314171781376,0.0986267659088848,2.73776016419921e-05,0
558,15,-15,1.5,-1.5,2.12132034355964,-45,0.0982422393151202,2.72708616935833e-05,0
559,15,15,1.5,1.5,2.12132034355964,45,0.0982422393151202,2.72708616935833e-05,0
560,15,-1,1.5,-0.1,1.50332963783729,-3.81407483429035,0.0975127432922287,2.70683623889565e-05,0
561,15,1,1.5,0.1,1.50332963783729,3.81407483429035,0.0975127432922287,2.70683623889565e-05,0
562,9,-20,0.9,-2,2.19317121994613,-65.7722546820458,0.0971509764359154,2.69679402693812e-05,0
563,9,20,0.9,2,2.19317121994613,65.7722546820458,0.0971509764359154,2.69679402693812e-05,0
564,16,-5,1.6,-0.5,1.67630546142402,-17.3540246362613,0.0969500443596362,2.69121639464858e-05,0
565,16,5,1.6,0.5,1.67630546142402,17.3540246362613,0.0969500443596362,2.69121639464858e-05,0
566,16,-13,1.6,-1.3,2.06155281280883,-39.0938588862295,0.0965984232163533,2.68145581545794e-05,0
567,16,13,1.6,1.3,2.06155281280883,39.0938588862295,0.0965984232163533,2.68145581545794e-05,0
568,2,-20,0.2,-2,2.00997512422418,-84.2894068625004,0.0961845636558775,2.669967572811e-05,0
569,2,20,0.2,2,2.00997512422418,84.2894068625004,0.0961845636558775,2.669967572811e-05,0
570,15,0,1.5,0,1.5,0,0.0960099085838249,2.66511935849175e-05,0
571,13,-18,1.3,-1.8,2.22036033111745,-54.1623470457217,0.0930801372865061,2.58379243801437e-05,0
572,13,18,1.3,1.8,2.22036033111745,54.1623470457217,0.0930801372865061,2.58379243801437e-05,0
573,14,-17,1.4,-1.7,2.20227155455452,-50.5275401516562,0.0929013509641629,2.57882954516571e-05,0
574,14,17,1.4,1.7,2.20227155455452,50.5275401516562,0.0929013509641629,2.57882954516571e-05,0
575,10,-20,1,-2,2.23606797749979,-63.434948822922,0.0918973123562737,2.55095864340121e-05,0
576,10,20,1,2,2.23606797749979,63.434948822922,0.0918973123562737,2.55095864340121e-05,0
577,16,-4,1.6,-0.4,1.64924225024706,-14.0362434679265,0.0911636809769147,2.53059392042661e-05,0
578,16,4,1.6,0.4,1.64924225024706,14.0362434679265,0.0911636809769147,2.53059392042661e-05,0
579,16,-14,1.6,-1.4,2.12602916254693,-41.1859251657096,0.0909021729054137,2.52333477151126e-05,0
580,16,14,1.6,1.4,2.12602916254693,41.1859251657096,0.0909021729054137,2.52333477151126e-05,0
581,12,-19,1.2,-1.9,2.24722050542442,-57.7243556854224,0.0906645433561445,2.51673846159649e-05,0
582,12,19,1.2,1.9,2.24722050542442,57.7243556854224,0.0906645433561445,2.51673846159649e-05,0
583,15,-16,1.5,-1.6,2.19317121994613,-46.8476102659946,0.0900580118340089,2.49990187748739e-05,0
584,15,16,1.5,1.6,2.19317121994613,46.8476102659946,0.0900580118340089,2.49990187748739e-05,0
585,6,-21,0.6,-2.1,2.18403296678416,-74.0546040990771,0.0899681203000715,2.49740659683568e-05,0
586,6,21,0.6,2.1,2.18403296678416,74.0546040990771,0.0899681203000715,2.49740659683568e-05,0
587,1,-20,0.1,-2,2.00249843945008,-87.1375947738883,0.0897911301823233,2.49249356446194e-05,0
588,1,20,0.1,2,2.00249843945008,87.1375947738883,0.0897911301823233,2.49249356446194e-05,0
589,5,-21,0.5,-2.1,2.15870331449229,-76.6075022462489,0.0896963113414274,2.48986150770708e-05,0
590,5,21,0.5,2.1,2.15870331449229,76.6075022462489,0.0896963113414274,2.48986150770708e-05,0
591,17,-9,1.7,-0.9,1.92353840616713,-27.8972710309476,0.0893810429897503,2.48111003820182e-05,0
592,17,9,1.7,0.9,1.92353840616713,27.8972710309476,0.0893810429897503,2.48111003820182e-05,0
593,17,-10,1.7,-1,1.9723082923316,-30.4655449194599,0.0891436292662631,2.47451971935067e-05,0
594,17,10,1.7,1,1.9723082923316,30.4655449194599,0.0891436292662631,2.47451971935067e-05,0
595,7,-21,0.7,-2.1,2.21359436211787,-71.565051177078,0.0889508600067837,2.46916867701828e-05,0
596,7,21,0.7,2.1,2.21359436211787,71.565051177078,0.0889508600067837,2.46916867701828e-05,0
597,17,-8,1.7,-0.8,1.87882942280559,-25.2011236454751,0.0883068621972018,2.45129207392117e-05,0
598,17,8,1.7,0.8,1.87882942280559,25.2011236454751,0.0883068621972018,2.45129207392117e-05,0
599,4,-21,0.4,-2.1,2.1377558326432,-79.2157021324374,0.0880789591141444,2.44496575898685e-05,0
600,4,21,0.4,2.1,2.1377558326432,79.2157021324374,0.0880789591141444,2.44496575898685e-05,0
601,17,-11,1.7,-1.1,2.02484567313166,-32.9052429229879,0.0876688126389078,2.43358058711143e-05,0
602,17,11,1.7,1.1,2.02484567313166,32.9052429229879,0.0876688126389078,2.43358058711143e-05,0
603,8,-21,0.8,-2.1,2.24722050542442,-69.1455419604217,0.0867665314285649,2.40853434807259e-05,0
604,8,21,0.8,2.1,2.24722050542442,69.1455419604217,0.0867665314285649,2.40853434807259e-05,0
605,5,0,0.5,0,0.5,0,0.0866445778493883,2.40514906368376e-05,0
606,11,-20,1.1,-2,2.28254244210267,-61.1892062570269,0.0859966027382107,2.3871620554875e-05,0
607,11,20,1.1,2,2.28254244210267,61.1892062570269,0.0859966027382107,2.3871620554875e-05,0
608,17,-7,1.7,-0.7,1.83847763108502,-22.3801350519596,0.0859611002706861,2.38617654977387e-05,0
609,17,7,1.7,0.7,1.83847763108502,22.3801350519596,0.0859611002706861,2.38617654977387e-05,0
610,16,-3,1.6,-0.3,1.62788205960997,-10.6196552761551,0.0855032910136247,2.37346831651453e-05,0
611,16,3,1.6,0.3,1.62788205960997,10.6196552761551,0.0855032910136247,2.37346831651453e-05,0
612,3,-21,0.3,-2.1,2.12132034355964,-81.869897645844,0.0851369150478525,2.36329816123298e-05,0
613,3,21,0.3,2.1,2.12132034355964,81.869897645844,0.0851369150478525,2.36329816123298e-05,0
614,17,-12,1.7,-1.2,2.08086520466848,-35.2175929681927,0.0851119114579338,2.36260409170925e-05,0
615,17,12,1.7,1.2,2.08086520466848,35.2175929681927,0.0851119114579338,2.36260409170925e-05,0
616,16,-15,1.6,-1.5,2.19317121994613,-43.1523897340054,0.0847832117326796,2.35347978345995e-05,0
617,16,15,1.6,1.5,2.19317121994613,43.1523897340054,0.0847832117326796,2.35347978345995e-05,0
618,9,-21,0.9,-2.1,2.28473193175917,-66.8014094863518,0.0835852999210236,2.32022719520003e-05,0
619,9,21,0.9,2.1,2.28473193175917,66.8014094863518,0.0835852999210236,2.32022719520003e-05,0
620,14,-18,1.4,-1.8,2.28035085019828,-52.1250163489018,0.0834872144256825,2.31750446005449e-05,0
621,14,18,1.4,1.8,2.28035085019828,52.1250163489018,0.0834872144256825,2.31750446005449e-05,0
622,13,-19,1.3,-1.9,2.30217288664427,-55.6196552761551,0.0826462250753562,2.29415960918545e-05,0
623,13,19,1.3,1.9,2.30217288664427,55.6196552761551,0.0826462250753562,2.29415960918545e-05,0
624,17,-6,1.7,-0.6,1.80277563773199,-19.4400348281762,0.0825218353350928,2.29070669990073e-05,0
625,17,6,1.7,0.6,1.80277563773199,19.4400348281762,0.0825218353350928,2.29070669990073e-05,0
626,15,-17,1.5,-1.7,2.26715680975093,-48.5763343749974,0.0820747808692575,2.27829700668498e-05,0
627,15,17,1.5,1.7,2.26715680975093,48.5763343749974,0.0820747808692575,2.27829700668498e-05,0
628,17,-13,1.7,-1.3,2.14009345590327,-37.4053566314086,0.0816749801640071,2.26719902091644e-05,0
629,17,13,1.7,1.3,2.14009345590327,37.4053566314086,0.0816749801640071,2.26719902091644e-05,0
630,2,-21,0.2,-2.1,2.1095023109729,-84.5596679689945,0.0809718096223515,2.24767985408742e-05,0
631,2,21,0.2,2.1,2.1095023109729,84.5596679689945,0.0809718096223515,2.24767985408742e-05,0
632,16,-2,1.6,-0.2,1.61245154965971,-7.1250163489018,0.0807366891690408,2.24115319365269e-05,0
633,16,2,1.6,0.2,1.61245154965971,7.1250163489018,0.0807366891690408,2.24115319365269e-05,0
634,12,-20,1.2,-2,2.33238075793812,-59.0362434679265,0.0797118239842073,2.21270417121081e-05,0
635,12,20,1.2,2,2.33238075793812,59.0362434679265,0.0797118239842073,2.21270417121081e-05,0
636,10,-21,1,-2.1,2.3259406699226,-64.5366549381284,0.0796058415329014,2.2097622260845e-05,0
637,10,21,1,2.1,2.3259406699226,64.5366549381284,0.0796058415329014,2.2097622260845e-05,0
638,4,-2,0.4,-0.2,0.447213595499958,-26.565051177078,0.0792234943136531,2.19914872805378e-05,0
639,4,2,0.4,0.2,0.447213595499958,26.565051177078,0.0792234943136531,2.19914872805378e-05,0
640,16,-16,1.6,-1.6,2.26274169979695,-45,0.0784856975985398,2.17866838037838e-05,0
641,16,16,1.6,1.6,2.26274169979695,45,0.0784856975985398,2.17866838037838e-05,0
642,17,-5,1.7,-0.5,1.77200451466694,-16.3895403340348,0.0783113319447895,2.17382819996241e-05,0
643,17,5,1.7,0.5,1.77200451466694,16.3895403340348,0.0783113319447895,2.17382819996241e-05,0
644,3,-3,0.3,-0.3,0.424264068711929,-45,0.0781416374962653,2.16911768657415e-05,0
645,3,3,0.3,0.3,0.424264068711929,45,0.0781416374962653,2.16911768657415e-05,0
646,17,-14,1.7,-1.4,2.20227155455452,-39.4724598483438,0.0775767492621874,2.15343706995622e-05,0
647,17,14,1.7,1.4,2.20227155455452,39.4724598483438,0.0775767492621874,2.15343706995622e-05,0
648,16,-1,1.6,-0.1,1.60312195418814,-3.57633437499735,0.0775531999839635,2.15278337037251e-05,0
649,16,1,1.6,0.1,1.60312195418814,3.57633437499735,0.0775531999839635,2.15278337037251e-05,0
650,6,-22,0.6,-2.2,2.28035085019828,-74.7448812969422,0.0765122682314521,2.12388835937409e-05,0
651,6,22,0.6,2.2,2.28035085019828,74.7448812969422,0.0765122682314521,2.12388835937409e-05,0
652,16,0,1.6,0,1.6,0,0.0764343034109909,2.12172414991532e-05,0
653,5,-22,0.5,-2.2,2.2561028345357,-77.1957339347132,0.0760594193363804,2.11131781978574e-05,0
654,5,22,0.5,2.2,2.2561028345357,77.1957339347132,0.0760594193363804,2.11131781978574e-05,0
655,7,-22,0.7,-2.2,2.30867927612304,-72.3498757800699,0.0759441109205385,2.10811699712285e-05,0
656,7,22,0.7,2.2,2.30867927612304,72.3498757800699,0.0759441109205385,2.10811699712285e-05,0
657,1,-21,0.1,-2.1,2.10237960416286,-87.2736890060937,0.0757596810145727,2.10299744519405e-05,0
658,1,21,0.1,2.1,2.10237960416286,87.2736890060937,0.0757596810145727,2.10299744519405e-05,0
659,11,-21,1.1,-2.1,2.37065391822594,-62.3540246362613,0.0750363978106142,2.08291997509773e-05,0
660,11,21,1.1,2.1,2.37065391822594,62.3540246362613,0.0750363978106142,2.08291997509773e-05,0
661,14,-19,1.4,-1.9,2.36008474424119,-53.6156481841641,0.074800499681004,2.07637172730613e-05,0
662,14,19,1.4,1.9,2.36008474424119,53.6156481841641,0.074800499681004,2.07637172730613e-05,0
663,4,-22,0.4,-2.2,2.23606797749979,-79.695153531234,0.0745551656052086,2.0695615490199e-05,0
664,4,22,0.4,2.2,2.23606797749979,79.695153531234,0.0745551656052086,2.0695615490199e-05,0
665,15,-18,1.5,-1.8,2.343074902772,-50.1944289077348,0.0744531396342598,2.06672943102026e-05,0
666,15,18,1.5,1.8,2.343074902772,50.1944289077348,0.0744531396342598,2.06672943102026e-05,0
667,8,-22,0.8,-2.2,2.34093998214392,-70.0168934781,0.0744347197191724,2.0662181163757e-05,0
668,8,22,0.8,2.2,2.34093998214392,70.0168934781,0.0744347197191724,2.0662181163757e-05,0
669,17,-4,1.7,-0.4,1.7464249196573,-13.2405199151872,0.0737777225763123,2.04798066745259e-05,0
670,17,4,1.7,0.4,1.7464249196573,13.2405199151872,0.0737777225763123,2.04798066745259e-05,0
671,18,-10,1.8,-1,2.0591260281974,-29.0546040990771,0.0737378240422809,2.04687313223054e-05,0
672,18,10,1.8,1,2.0591260281974,29.0546040990771,0.0737378240422809,2.04687313223054e-05,0
673,18,-9,1.8,-0.9,2.01246117974981,-26.565051177078,0.073503197617272,2.04036018542611e-05,0
674,18,9,1.8,0.9,2.01246117974981,26.565051177078,0.073503197617272,2.04036018542611e-05,0
675,13,-20,1.3,-2,2.38537208837531,-56.9761324442034,0.0732741550238292,2.03400223905674e-05,0
676,13,20,1.3,2,2.38537208837531,56.9761324442034,0.0732741550238292,2.03400223905674e-05,0
677,17,-15,1.7,-1.5,2.26715680975093,-41.4236656250026,0.0730297905789886,2.0272189765573e-05,0
678,17,15,1.7,1.5,2.26715680975093,41.4236656250026,0.0730297905789886,2.0272189765573e-05,0
679,18,-11,1.8,-1.1,2.1095023109729,-31.4295656148385,0.0730195589135467,2.02693495785505e-05,0
680,18,11,1.8,1.1,2.1095023109729,31.4295656148385,0.0730195589135467,2.02693495785505e-05,0
681,18,-8,1.8,-0.8,1.96977156035922,-23.9624889745782,0.0722949913260718,2.00682183482016e-05,0
682,18,8,1.8,0.8,1.96977156035922,23.9624889745782,0.0722949913260718,2.00682183482016e-05,0
683,16,-17,1.6,-1.7,2.33452350598575,-46.7357045889284,0.0722058081652082,2.00434621775131e-05,0
684,16,17,1.6,1.7,2.33452350598575,46.7357045889284,0.0722058081652082,2.00434621775131e-05,0
685,9,-22,0.9,-2.2,2.37697286480094,-67.7509763427876,0.0721020814863091,2.00146689014852e-05,0
686,9,22,0.9,2.2,2.37697286480094,67.7509763427876,0.0721020814863091,2.00146689014852e-05,0
687,3,-22,0.3,-2.2,2.22036033111745,-82.2348339815747,0.0720254983907297,1.99934103570733e-05,0
688,3,22,0.3,2.2,2.22036033111745,82.2348339815747,0.0720254983907297,1.99934103570733e-05,0
689,18,-12,1.8,-1.2,2.16333076527839,-33.6900675259798,0.0714340421150158,1.98292292227136e-05,0
690,18,12,1.8,1.2,2.16333076527839,33.6900675259798,0.0714340421150158,1.98292292227136e-05,0
691,18,-7,1.8,-0.7,1.9313207915828,-21.2505055071332,0.0701771348233091,1.94803269058207e-05,0
692,18,7,1.8,0.7,1.9313207915828,21.2505055071332,0.0701771348233091,1.94803269058207e-05,0
693,12,-21,1.2,-2.1,2.41867732448957,-60.2551187030578,0.0700787458375899,1.94530153090938e-05,0
694,12,21,1.2,2.1,2.41867732448957,60.2551187030578,0.0700787458375899,1.94530153090938e-05,0
695,17,-3,1.7,-0.3,1.72626765016321,-10.0079798014413,0.0694497657450894,1.92784180154025e-05,0
696,17,3,1.7,0.3,1.72626765016321,10.0079798014413,0.0694497657450894,1.92784180154025e-05,0
697,18,-13,1.8,-1.3,2.22036033111745,-35.8376529542783,0.0691095951546655,1.91839907589764e-05,0
698,18,13,1.8,1.3,2.22036033111745,35.8376529542783,0.0691095951546655,1.91839907589764e-05,0
699,10,-22,1,-2.2,2.41660919471891,-65.5560452195835,0.0690891346813977,1.91783111781712e-05,0
700,10,22,1,2.2,2.41660919471891,65.5560452195835,0.0690891346813977,1.91783111781712e-05,0
701,2,-22,0.2,-2.2,2.20907220343745,-84.8055710922652,0.0685540492247014,1.90297779038328e-05,0
702,2,22,0.2,2.2,2.20907220343745,84.8055710922652,0.0685540492247014,1.90297779038328e-05,0
703,17,-16,1.7,-1.6,2.33452350598575,-43.2642954110716,0.0682254935105329,1.89385747970817e-05,0
704,17,16,1.7,1.6,2.33452350598575,43.2642954110716,0.0682254935105329,1.89385747970817e-05,0
705,18,-6,1.8,-0.6,1.89736659610103,-18.434948822922,0.0673102495680812,1.86845141084768e-05,0
706,18,6,1.8,0.6,1.89736659610103,18.434948822922,0.0673102495680812,1.86845141084768e-05,0
707,15,-19,1.5,-1.9,2.42074368738204,-51.7098368077569,0.0672967128026951,1.86807564655403e-05,0
708,15,19,1.5,1.9,2.42074368738204,51.7098368077569,0.0672967128026951,1.86807564655403e-05,0
709,14,-20,1.4,-2,2.44131112314674,-55.0079798014413,0.0668750155711891,1.85636983960466e-05,0
710,14,20,1.4,2,2.44131112314674,55.0079798014413,0.0668750155711891,1.85636983960466e-05,0
711,18,-14,1.8,-1.4,2.28035085019828,-37.8749836510982,0.066196240781028,1.83752786943723e-05,0
712,18,14,1.8,1.4,2.28035085019828,37.8749836510982,0.066196240781028,1.83752786943723e-05,0
713,16,-18,1.6,-1.8,2.40831891575846,-48.3664606634298,0.0660921239551519,1.83463771182454e-05,0
714,16,18,1.6,1.8,2.40831891575846,48.3664606634298,0.0660921239551519,1.83463771182454e-05,0
715,17,-2,1.7,-0.2,1.71172427686237,-6.70983680775693,0.0658681504845087,1.82842047819517e-05,0
716,17,2,1.7,0.2,1.71172427686237,6.70983680775693,0.0658681504845087,1.82842047819517e-05,0
717,11,-22,1.1,-2.2,2.45967477524977,-63.434948822922,0.0655503914041151,1.81959986906238e-05,0
718,11,22,1.1,2.2,2.45967477524977,63.434948822922,0.0655503914041151,1.81959986906238e-05,0
719,6,-23,0.6,-2.3,2.37697286480094,-75.3791260113683,0.0653648450242052,1.81444932516238e-05,0
720,6,23,0.6,2.3,2.37697286480094,75.3791260113683,0.0653648450242052,1.81444932516238e-05,0
721,7,-23,0.7,-2.3,2.40416305603426,-73.072486935853,0.0651009782854859,1.80712470248753e-05,0
722,7,23,0.7,2.3,2.40416305603426,73.072486935853,0.0651009782854859,1.80712470248753e-05,0
723,13,-21,1.3,-2.1,2.46981780704569,-58.2405199151872,0.0649162950257582,1.80199811776362e-05,0
724,13,21,1.3,2.1,2.46981780704569,58.2405199151872,0.0649162950257582,1.80199811776362e-05,0
725,5,-23,0.5,-2.3,2.35372045918796,-77.7352262721076,0.064816315673944,1.79922281144472e-05,0
726,5,23,0.5,2.3,2.35372045918796,77.7352262721076,0.064816315673944,1.79922281144472e-05,0
727,1,-22,0.1,-2.2,2.20227155455452,-87.3974377975002,0.0642768227049024,1.78424713677977e-05,0
728,1,22,0.1,2.2,2.20227155455452,87.3974377975002,0.0642768227049024,1.78424713677977e-05,0
729,8,-23,0.8,-2.3,2.43515913237718,-70.8209919741893,0.0640764020050423,1.77868369968335e-05,0
730,8,23,0.8,2.3,2.43515913237718,70.8209919741893,0.0640764020050423,1.77868369968335e-05,0
731,18,-5,1.8,-0.5,1.86815416922694,-15.5241109967543,0.0639510705926915,1.77520465071632e-05,0
732,18,5,1.8,0.5,1.86815416922694,15.5241109967543,0.0639510705926915,1.77520465071632e-05,0
733,17,-1,1.7,-0.1,1.70293863659264,-3.3664606634298,0.0635035162630632,1.76278108188407e-05,0
734,17,1,1.7,0.1,1.70293863659264,3.3664606634298,0.0635035162630632,1.76278108188407e-05,0
735,4,-23,0.4,-2.3,2.33452350598575,-80.1341930569156,0.0634409577098279,1.76104453183704e-05,0
736,4,23,0.4,2.3,2.33452350598575,80.1341930569156,0.0634409577098279,1.76104453183704e-05,0
737,17,-17,1.7,-1.7,2.40416305603426,-45,0.0633259628471397,1.75785241303182e-05,0
738,17,17,1.7,1.7,2.40416305603426,45,0.0633259628471397,1.75785241303182e-05,0
739,18,-15,1.8,-1.5,2.343074902772,-39.8055710922652,0.0628484021954854,1.74459590486146e-05,0
740,18,15,1.8,1.5,2.343074902772,39.8055710922652,0.0628484021954854,1.74459590486146e-05,0
741,17,0,1.7,0,1.7,0,0.0626772327867313,1.73984444835472e-05,0
742,9,-23,0.9,-2.3,2.46981780704569,-68.6293777306568,0.0623728782781282,1.73139593398066e-05,0
743,9,23,0.9,2.3,2.46981780704569,68.6293777306568,0.0623728782781282,1.73139593398066e-05,0
744,12,-22,1.2,-2.2,2.50599281722833,-61.3895403340348,0.0616400309359952,1.71105297493459e-05,0
745,12,22,1.2,2.2,2.50599281722833,61.3895403340348,0.0616400309359952,1.71105297493459e-05,0
746,3,-23,0.3,-2.3,2.31948270094864,-82.5685920288275,0.0612657207877559,1.70066257630941e-05,0
747,3,23,0.3,2.3,2.31948270094864,82.5685920288275,0.0612657207877559,1.70066257630941e-05,0
748,19,-10,1.9,-1,2.14709105535839,-27.75854060106,0.0612629599623081,1.70058593912212e-05,0
749,19,10,1.9,1,2.14709105535839,27.75854060106,0.0612629599623081,1.70058593912212e-05,0
750,19,-11,1.9,-1.1,2.19544984001001,-30.0685828218625,0.0610245646877253,1.69396837359544e-05,0
751,19,11,1.9,1.1,2.19544984001001,30.0685828218625,0.0610245646877253,1.69396837359544e-05,0
752,19,-9,1.9,-0.9,2.10237960416286,-25.3461759419467,0.060773109472039,1.68698827984258e-05,0
753,19,9,1.9,0.9,2.10237960416286,25.3461759419467,0.060773109472039,1.68698827984258e-05,0
754,15,-20,1.5,-2,2.5,-53.130102354156,0.0606636973613887,1.68395113150602e-05,0
755,15,20,1.5,2,2.5,53.130102354156,0.0606636973613887,1.68395113150602e-05,0
756,18,-4,1.8,-0.4,1.84390889145858,-12.5288077091515,0.0604355835280736,1.67761896639854e-05,0
757,18,4,1.8,0.4,1.84390889145858,12.5288077091515,0.0604355835280736,1.67761896639854e-05,0
758,16,-19,1.6,-1.9,2.48394846967484,-49.8990924537878,0.0602501953034339,1.67247281269824e-05,0
759,16,19,1.6,1.9,2.48394846967484,49.8990924537878,0.0602501953034339,1.67247281269824e-05,0
760,19,-12,1.9,-1.2,2.24722050542442,-32.2756443145776,0.0600993200864647,1.66828469849844e-05,0
761,19,12,1.9,1.2,2.24722050542442,32.2756443145776,0.0600993200864647,1.66828469849844e-05,0
762,10,-23,1,-2.3,2.50798724079689,-66.5014343240479,0.0600932883025166,1.66811726344509e-05,0
763,10,23,1,2.3,2.50798724079689,66.5014343240479,0.0600932883025166,1.66811726344509e-05,0
764,14,-21,1.4,-2.1,2.52388589282479,-56.3099324740202,0.0597065974890327,1.65738319247295e-05,0
765,14,21,1.4,2.1,2.52388589282479,56.3099324740202,0.0597065974890327,1.65738319247295e-05,0
766,19,-8,1.9,-0.8,2.06155281280883,-22.8336541779175,0.059564283670318,1.65343273237116e-05,0
767,19,8,1.9,0.8,2.06155281280883,22.8336541779175,0.059564283670318,1.65343273237116e-05,0
768,18,-16,1.8,-1.6,2.40831891575846,-41.6335393365702,0.0592122634150391,1.64366107431249e-05,0
769,18,16,1.8,1.6,2.40831891575846,41.6335393365702,0.0592122634150391,1.64366107431249e-05,0
770,19,-13,1.9,-1.3,2.30217288664427,-34.3803447238449,0.0585652154323212,1.62569980208496e-05,0
771,19,13,1.9,1.3,2.30217288664427,34.3803447238449,0.0585652154323212,1.62569980208496e-05,0
772,17,-18,1.7,-1.8,2.47588368062799,-46.6365770416167,0.0584612707545221,1.62281442309543e-05,0
773,17,18,1.7,1.8,2.47588368062799,46.6365770416167,0.0584612707545221,1.62281442309543e-05,0
774,2,-23,0.2,-2.3,2.30867927612304,-85.0302592718897,0.0583590659137804,1.61997733988589e-05,0
775,2,23,0.2,2.3,2.30867927612304,85.0302592718897,0.0583590659137804,1.61997733988589e-05,0
776,19,-7,1.9,-0.7,2.02484567313166,-20.2248594311681,0.0577076012676279,1.60189346640404e-05,0
777,19,7,1.9,0.7,2.02484567313166,20.2248594311681,0.0577076012676279,1.60189346640404e-05,0
778,13,-22,1.3,-2.2,2.55538646783613,-59.420773127511,0.0575024701458793,1.59619927367263e-05,0
779,13,22,1.3,2.2,2.55538646783613,59.420773127511,0.0575024701458793,1.59619927367263e-05,0
780,11,-23,1.1,-2.3,2.54950975679639,-64.4400348281762,0.0573522110563817,1.59202826242894e-05,0
781,11,23,1.1,2.3,2.54950975679639,64.4400348281762,0.0573522110563817,1.59202826242894e-05,0
782,18,-3,1.8,-0.3,1.82482875908947,-9.46232220802562,0.0571452091148968,1.58628213799621e-05,0
783,18,3,1.8,0.3,1.82482875908947,9.46232220802562,0.0571452091148968,1.58628213799621e-05,0
784,1,-4,0.1,-0.4,0.412310562561766,-75.9637565320735,0.0571298286281731,1.58585519422015e-05,0
785,1,4,0.1,0.4,0.412310562561766,75.9637565320735,0.0571298286281731,1.58585519422015e-05,0
786,19,-14,1.9,-1.4,2.36008474424119,-36.3843518158359,0.0565225104002766,1.5689967721072e-05,0
787,19,14,1.9,1.4,2.36008474424119,36.3843518158359,0.0565225104002766,1.5689967721072e-05,0
788,6,-24,0.6,-2.4,2.4738633753706,-75.9637565320735,0.0560911918025698,1.55702388762703e-05,0
789,6,24,0.6,2.4,2.4738633753706,75.9637565320735,0.0560911918025698,1.55702388762703e-05,0
790,7,-24,0.7,-2.4,2.5,-73.739795291688,0.0560308230934497,1.5553481250136e-05,0
791,7,24,0.7,2.4,2.5,73.739795291688,0.0560308230934497,1.5553481250136e-05,0
792,5,-24,0.5,-2.4,2.45153013442625,-78.2317110679794,0.0555020147529027,1.54066904275937e-05,0
793,5,24,0.5,2.4,2.45153013442625,78.2317110679794,0.0555020147529027,1.54066904275937e-05,0
794,18,-17,1.8,-1.7,2.47588368062799,-43.3634229583833,0.0554177285258929,1.53832935867289e-05,0
795,18,17,1.8,1.7,2.47588368062799,43.3634229583833,0.0554177285258929,1.53832935867289e-05,0
796,8,-24,0.8,-2.4,2.5298221281347,-71.565051177078,0.0553539242216079,1.536558228078e-05,0
797,8,24,0.8,2.4,2.5298221281347,71.565051177078,0.0553539242216079,1.536558228078e-05,0
798,19,-6,1.9,-0.6,1.99248588451713,-17.5255683737229,0.0553412363282667,1.53620602744933e-05,0
799,19,6,1.9,0.6,1.99248588451713,17.5255683737229,0.0553412363282667,1.53620602744933e-05,0
800,1,-23,0.1,-2.3,2.30217288664427,-87.5104470780009,0.0548267288172865,1.5219239189896e-05,0
801,1,23,0.1,2.3,2.30217288664427,87.5104470780009,0.0548267288172865,1.5219239189896e-05,0
802,16,-20,1.6,-2,2.56124969497314,-51.3401917459099,0.0547491313287902,1.5197699062235e-05,0
803,16,20,1.6,2,2.56124969497314,51.3401917459099,0.0547491313287902,1.5197699062235e-05,0
804,15,-21,1.5,-2.1,2.58069758011279,-54.4623222080256,0.0545778706532816,1.51501591626164e-05,0
805,15,21,1.5,2.1,2.58069758011279,54.4623222080256,0.0545778706532816,1.51501591626164e-05,0
806,18,-2,1.8,-0.2,1.81107702762748,-6.34019174590991,0.0544593528279705,1.51172600425962e-05,0
807,18,2,1.8,0.2,1.81107702762748,6.34019174590991,0.0544593528279705,1.51172600425962e-05,0
808,12,-23,1.2,-2.3,2.59422435421457,-62.4471884232822,0.0542671577178007,1.50639089962014e-05,0
809,12,23,1.2,2.3,2.59422435421457,62.4471884232822,0.0542671577178007,1.50639089962014e-05,0
810,4,-24,0.4,-2.4,2.43310501211929,-80.5376777919744,0.0542584627161553,1.50614953685302e-05,0
811,4,24,0.4,2.4,2.43310501211929,80.5376777919744,0.0542584627161553,1.50614953685302e-05,0
812,9,-24,0.9,-2.4,2.56320112359526,-69.4439547804165,0.0541170781269644,1.50222487104297e-05,0
813,9,24,0.9,2.4,2.56320112359526,69.4439547804165,0.0541170781269644,1.50222487104297e-05,0
814,19,-15,1.9,-1.5,2.42074368738204,-38.2901631922431,0.0540810232638176,1.50122403149257e-05,0
815,19,15,1.9,1.5,2.42074368738204,38.2901631922431,0.0540810232638176,1.50122403149257e-05,0
816,17,-19,1.7,-1.9,2.54950975679639,-48.1798301198642,0.0537303838000871,1.49149070254326e-05,0
817,17,19,1.7,1.9,2.54950975679639,48.1798301198642,0.0537303838000871,1.49149070254326e-05,0
818,14,-22,1.4,-2.2,2.60768096208106,-57.5288077091515,0.05326582291557,1.4785950522423e-05,0
819,14,22,1.4,2.2,2.60768096208106,57.5288077091515,0.05326582291557,1.4785950522423e-05,0
820,18,-1,1.8,-0.1,1.80277563773199,-3.17983011986423,0.0527016568669741,1.46293448262303e-05,0
821,18,1,1.8,0.1,1.80277563773199,3.17983011986423,0.0527016568669741,1.46293448262303e-05,0
822,19,-5,1.9,-0.5,1.96468827043885,-14.7435628364707,0.0526667962309864,1.46196679337938e-05,0
823,19,5,1.9,0.5,1.96468827043885,14.7435628364707,0.0526667962309864,1.46196679337938e-05,0
824,10,-24,1,-2.4,2.6,-67.3801350519596,0.0523943786428079,1.45440480942838e-05,0
825,10,24,1,2.4,2.6,67.3801350519596,0.0523943786428079,1.45440480942838e-05,0
826,3,-24,0.3,-2.4,2.41867732448957,-82.8749836510982,0.052386278461721,1.45417995816313e-05,0
827,3,24,0.3,2.4,2.41867732448957,82.8749836510982,0.052386278461721,1.45417995816313e-05,0
828,18,0,1.8,0,1.8,0,0.0520901129567225,1.44595876066037e-05,0
829,18,-18,1.8,-1.8,2.54558441227157,-45,0.0515742995616739,1.43164040243266e-05,0
830,18,18,1.8,1.8,2.54558441227157,45,0.0515742995616739,1.43164040243266e-05,0
831,19,-16,1.9,-1.6,2.48394846967484,-40.1009075462122,0.0513500448737857,1.42541536255147e-05,0
832,19,16,1.9,1.6,2.48394846967484,40.1009075462122,0.0513500448737857,1.42541536255147e-05,0
833,20,-11,2,-1.1,2.28254244210267,-28.8107937429731,0.0511937247649296,1.42107610471466e-05,0
834,20,11,2,1.1,2.28254244210267,28.8107937429731,0.0511937247649296,1.42107610471466e-05,0
835,20,-10,2,-1,2.23606797749979,-26.565051177078,0.05113684093013,1.41949707801267e-05,0
836,20,10,2,1,2.23606797749979,26.565051177078,0.05113684093013,1.41949707801267e-05,0
837,13,-23,1.3,-2.3,2.64196896272458,-60.5241109967543,0.0509512495405367,1.4143452846981e-05,0
838,13,23,1.3,2.3,2.64196896272458,60.5241109967543,0.0509512495405367,1.4143452846981e-05,0
839,20,-12,2,-1.2,2.33238075793812,-30.9637565320735,0.0507108770470388,1.40767283395713e-05,0
840,20,12,2,1.2,2.33238075793812,30.9637565320735,0.0507108770470388,1.40767283395713e-05,0
841,20,-9,2,-0.9,2.19317121994613,-24.2277453179542,0.0505257740441492,1.40253459766889e-05,0
842,20,9,2,0.9,2.19317121994613,24.2277453179542,0.0505257740441492,1.40253459766889e-05,0
843,11,-24,1.1,-2.4,2.64007575648882,-65.3764352138364,0.0502708022968787,1.39545688923711e-05,0
844,11,24,1.1,2.4,2.64007575648882,65.3764352138364,0.0502708022968787,1.39545688923711e-05,0
845,2,-24,0.2,-2.4,2.40831891575846,-85.2363583092738,0.0499413745383033,1.38631237166018e-05,0
846,2,24,0.2,2.4,2.40831891575846,85.2363583092738,0.0499413745383033,1.38631237166018e-05,0
847,19,-4,1.9,-0.4,1.94164878389476,-11.888658039628,0.0499351176248226,1.38613868728231e-05,0
848,19,4,1.9,0.4,1.94164878389476,11.888658039628,0.0499351176248226,1.38613868728231e-05,0
849,20,-13,2,-1.3,2.38537208837531,-33.0238675557966,0.0497328493733592,1.3805239643799e-05,0
850,20,13,2,1.3,2.38537208837531,33.0238675557966,0.0497328493733592,1.3805239643799e-05,0
851,16,-21,1.6,-2.1,2.64007575648882,-52.6960517220166,0.0496287319901305,1.37763379129578e-05,0
852,16,21,1.6,2.1,2.64007575648882,52.6960517220166,0.0496287319901305,1.37763379129578e-05,0
853,20,-8,2,-0.8,2.1540659228538,-21.8014094863518,0.0493848539387069,1.37086403049143e-05,0
854,20,8,2,0.8,2.1540659228538,21.8014094863518,0.0493848539387069,1.37086403049143e-05,0
855,17,-20,1.7,-2,2.62488094968134,-49.6354634269026,0.0492042924551449,1.36585186130663e-05,0
856,17,20,1.7,2,2.62488094968134,49.6354634269026,0.0492042924551449,1.36585186130663e-05,0
857,15,-22,1.5,-2.2,2.66270539113887,-55.713123022791,0.0490381734285175,1.36124059732139e-05,0
858,15,22,1.5,2.2,2.66270539113887,55.713123022791,0.0490381734285175,1.36124059732139e-05,0
859,19,-17,1.9,-1.7,2.54950975679639,-41.8201698801358,0.0484311827900277,1.34439126869558e-05,0
860,19,17,1.9,1.7,2.54950975679639,41.8201698801358,0.0484311827900277,1.34439126869558e-05,0
861,7,-25,0.7,-2.5,2.59615099714943,-74.3577535427913,0.0484162096039482,1.34397563109455e-05,0
862,7,25,0.7,2.5,2.59615099714943,74.3577535427913,0.0484162096039482,1.34397563109455e-05,0
863,6,-25,0.6,-2.5,2.57099202643649,-76.5042667192042,0.0483431357757935,1.34194718968797e-05,0
864,6,25,0.6,2.5,2.57099202643649,76.5042667192042,0.0483431357757935,1.34194718968797e-05,0
865,20,-14,2,-1.4,2.44131112314674,-34.9920201985587,0.0483247169833681,1.34143590620716e-05,0
866,20,14,2,1.4,2.44131112314674,34.9920201985587,0.0483247169833681,1.34143590620716e-05,0
867,8,-25,0.8,-2.5,2.62488094968134,-72.2553283749431,0.0479879716886462,1.33208826264534e-05,0
868,8,25,0.8,2.5,2.62488094968134,72.2553283749431,0.0479879716886462,1.33208826264534e-05,0
869,12,-24,1.2,-2.4,2.68328157299975,-63.434948822922,0.0478357912316491,1.32786391655534e-05,0
870,12,24,1.2,2.4,2.68328157299975,63.434948822922,0.0478357912316491,1.32786391655534e-05,0
871,20,-7,2,-0.7,2.11896201004171,-19.2900462191887,0.047783223379213,1.32640469632247e-05,0
872,20,7,2,0.7,2.11896201004171,19.2900462191887,0.047783223379213,1.32640469632247e-05,0
873,18,-19,1.8,-1.9,2.61725046566048,-46.548157698978,0.0477699356111955,1.3260358438957e-05,0
874,18,19,1.8,1.9,2.61725046566048,46.548157698978,0.0477699356111955,1.3260358438957e-05,0
875,5,-25,0.5,-2.5,2.54950975679639,-78.6900675259798,0.0477481277441656,1.32543048378813e-05,0
876,5,25,0.5,2.5,2.54950975679639,78.6900675259798,0.0477481277441656,1.32543048378813e-05,0
877,14,-23,1.4,-2.3,2.69258240356725,-58.6713071321958,0.0475077534137328,1.31875798205606e-05,0
878,14,23,1.4,2.3,2.69258240356725,58.6713071321958,0.0475077534137328,1.31875798205606e-05,0
879,19,-3,1.9,-0.3,1.92353840616713,-8.9726266148964,0.0474216685855817,1.31636837096943e-05,0
880,19,3,1.9,0.3,1.92353840616713,8.9726266148964,0.0474216685855817,1.31636837096943e-05,0
881,9,-25,0.9,-2.5,2.65706605111728,-70.2011236454751,0.0470974786849586,1.307369250017e-05,0
882,9,25,0.9,2.5,2.65706605111728,70.2011236454751,0.0470974786849586,1.307369250017e-05,0
883,1,-24,0.1,-2.4,2.40208242989286,-87.6140559696112,0.0470064769833026,1.30484315244732e-05,0
884,1,24,0.1,2.4,2.40208242989286,87.6140559696112,0.0470064769833026,1.30484315244732e-05,0
885,4,-25,0.4,-2.5,2.53179778023443,-80.9097230791777,0.0466319666743735,1.29444719760261e-05,0
886,4,25,0.4,2.5,2.53179778023443,80.9097230791777,0.0466319666743735,1.29444719760261e-05,0
887,20,-15,2,-1.5,2.5,-36.869897645844,0.0465629776208906,1.29253214461826e-05,0
888,20,15,2,1.5,2.5,36.869897645844,0.0465629776208906,1.29253214461826e-05,0
889,20,-6,2,-0.6,2.08806130178211,-16.6992442339936,0.0458363503627167,1.27236184760692e-05,0
890,20,6,2,0.6,2.08806130178211,16.6992442339936,0.0458363503627167,1.27236184760692e-05,0
891,10,-25,1,-2.5,2.69258240356725,-68.1985905136482,0.0457981194269367,1.27130060290266e-05,0
892,10,25,1,2.5,2.69258240356725,68.1985905136482,0.0457981194269367,1.27130060290266e-05,0
893,19,-18,1.9,-1.8,2.61725046566048,-43.451842301022,0.0454139458976764,1.26063640870694e-05,0
894,19,18,1.9,1.8,2.61725046566048,43.451842301022,0.0454139458976764,1.26063640870694e-05,0
895,19,-2,1.9,-0.2,1.91049731745428,-6.00900595749452,0.0453941666689482,1.26008736115385e-05,0
896,19,2,1.9,0.2,1.91049731745428,6.00900595749452,0.0453941666689482,1.26008736115385e-05,0
897,13,-24,1.3,-2.4,2.72946881279124,-61.5570713756367,0.0451776436021094,1.25407694175544e-05,0
898,13,24,1.3,2.4,2.72946881279124,61.5570713756367,0.0451776436021094,1.25407694175544e-05,0
899,3,-25,0.3,-2.5,2.51793566240283,-83.1572265873691,0.0450181748321842,1.24965028088188e-05,0
900,3,25,0.3,2.5,2.51793566240283,83.1572265873691,0.0450181748321842,1.24965028088188e-05,0
901,17,-21,1.7,-2.1,2.70185121722126,-51.0090059574945,0.0449302060647937,1.24720837391235e-05,0
902,17,21,1.7,2.1,2.70185121722126,51.0090059574945,0.0449302060647937,1.24720837391235e-05,0
903,16,-22,1.6,-2.2,2.72029410174709,-53.9726266148964,0.0449062623324986,1.24654372475899e-05,0
904,16,22,1.6,2.2,2.72029410174709,53.9726266148964,0.0449062623324986,1.24654372475899e-05,0
905,20,-16,2,-1.6,2.56124969497314,-38.6598082540901,0.0445278089224093,1.236038314178e-05,0
906,20,16,2,1.6,2.56124969497314,38.6598082540901,0.0445278089224093,1.236038314178e-05,0
907,11,-25,1.1,-2.5,2.73130005674953,-66.2505055071332,0.0441529511730063,1.22563271480445e-05,0
908,11,25,1.1,2.5,2.73130005674953,66.2505055071332,0.0441529511730063,1.22563271480445e-05,0
909,19,-1,1.9,-0.1,1.90262975904404,-3.01278750418334,0.0440772961047286,1.22353262128276e-05,0
910,19,1,1.9,0.1,1.90262975904404,3.01278750418334,0.0440772961047286,1.22353262128276e-05,0
911,18,-20,1.8,-2,2.69072480941474,-48.0127875041833,0.0440719472372331,1.22338414316713e-05,0
912,18,20,1.8,2,2.69072480941474,48.0127875041833,0.0440719472372331,1.22338414316713e-05,0
913,15,-23,1.5,-2.3,2.7459060435492,-56.888658039628,0.0440265548226401,1.22212410444149e-05,0
914,15,23,1.5,2.3,2.7459060435492,56.888658039628,0.0440265548226401,1.22212410444149e-05,0
915,20,-5,2,-0.5,2.06155281280883,-14.0362434679265,0.0437014601527652,1.21309986818499e-05,0
916,20,5,2,0.5,2.06155281280883,14.0362434679265,0.0437014601527652,1.21309986818499e-05,0
917,19,0,1.9,0,1.9,0,0.0436208127206234,1.21086119265884e-05,0
918,21,-11,2.1,-1.1,2.37065391822594,-27.6459753637387,0.0431214481269444,1.19699943333431e-05,0
919,21,11,2.1,1.1,2.37065391822594,27.6459753637387,0.0431214481269444,1.19699943333431e-05,0
920,2,-25,0.2,-2.5,2.50798724079689,-85.4260787400991,0.0429523977533647,1.19230679869031e-05,0
921,2,25,0.2,2.5,2.50798724079689,85.4260787400991,0.0429523977533647,1.19230679869031e-05,0
922,21,-12,2.1,-1.2,2.41867732448957,-29.7448812969422,0.042929682114794,1.19167623993874e-05,0
923,21,12,2.1,1.2,2.41867732448957,29.7448812969422,0.042929682114794,1.19167623993874e-05,0
924,21,-10,2.1,-1,2.3259406699226,-25.4633450618716,0.0428913054929338,1.19061095116447e-05,0
925,21,10,2.1,1,2.3259406699226,25.4633450618716,0.0428913054929338,1.19061095116447e-05,0
926,14,-24,1.4,-2.4,2.77848879788996,-59.7435628364707,0.0423790763689219,1.17639208798124e-05,0
927,14,24,1.4,2.4,2.77848879788996,59.7435628364707,0.0423790763689219,1.17639208798124e-05,0
928,19,-19,1.9,-1.9,2.68700576850888,-45,0.0423736045049282,1.17624019563105e-05,0
929,19,19,1.9,1.9,2.68700576850888,45,0.0423736045049282,1.17624019563105e-05,0
930,21,-13,2.1,-1.3,2.46981780704569,-31.7594800848128,0.0423388737671693,1.17527611220569e-05,0
931,21,13,2.1,1.3,2.46981780704569,31.7594800848128,0.0423388737671693,1.17527611220569e-05,0
932,20,-17,2,-1.7,2.62488094968134,-40.3645365730974,0.0422971051667119,1.17411666619331e-05,0
933,20,17,2,1.7,2.62488094968134,40.3645365730974,0.0422971051667119,1.17411666619331e-05,0
934,21,-9,2.1,-0.9,2.28473193175917,-23.1985905136482,0.04224047948128,1.17254480540667e-05,0
935,21,9,2.1,0.9,2.28473193175917,23.1985905136482,0.04224047948128,1.17254480540667e-05,0
936,12,-25,1.2,-2.5,2.77308492477241,-64.3589941756947,0.0422300174223905,1.17225439125997e-05,0
937,12,25,1.2,2.5,2.77308492477241,64.3589941756947,0.0422300174223905,1.17225439125997e-05,0
938,7,-26,0.7,-2.6,2.69258240356725,-74.9315118405078,0.0419995118518528,1.16585583440952e-05,0
939,7,26,0.7,2.6,2.69258240356725,74.9315118405078,0.0419995118518528,1.16585583440952e-05,0
940,6,-26,0.6,-2.6,2.66833281282527,-77.0053832080835,0.0418415678751778,1.16147149995901e-05,0
941,6,26,0.6,2.6,2.66833281282527,77.0053832080835,0.0418415678751778,1.16147149995901e-05,0
942,8,-26,0.8,-2.6,2.72029410174709,-72.8972710309476,0.0417483666966923,1.15888434756318e-05,0
943,8,26,0.8,2.6,2.72029410174709,72.8972710309476,0.0417483666966923,1.15888434756318e-05,0
944,20,-4,2,-0.4,2.03960780543711,-11.3099324740202,0.0415661357824501,1.15382583699458e-05,0
945,20,4,2,0.4,2.03960780543711,11.3099324740202,0.0415661357824501,1.15382583699458e-05,0
946,21,-14,2.1,-1.4,2.52388589282479,-33.6900675259798,0.0413897031353527,1.14892827933428e-05,0
947,21,14,2.1,1.4,2.52388589282479,33.6900675259798,0.0413897031353527,1.14892827933428e-05,0
948,5,-26,0.5,-2.6,2.64764045897475,-79.1144729453413,0.041262112187079,1.14538650837305e-05,0
949,5,26,0.5,2.6,2.64764045897475,79.1144729453413,0.041262112187079,1.14538650837305e-05,0
950,21,-8,2.1,-0.8,2.24722050542442,-20.8544580395783,0.0411994926765145,1.14364826622402e-05,0
951,21,8,2.1,0.8,2.24722050542442,20.8544580395783,0.0411994926765145,1.14364826622402e-05,0
952,9,-26,0.9,-2.6,2.75136329843952,-70.9065079995144,0.0411149735798407,1.1413021179563e-05,0
953,9,26,0.9,2.6,2.75136329843952,70.9065079995144,0.0411149735798407,1.1413021179563e-05,0
954,17,-22,1.7,-2.2,2.78028775489157,-52.3057595333108,0.0409360227811557,1.13633465944262e-05,0
955,17,22,1.7,2.2,2.78028775489157,52.3057595333108,0.0409360227811557,1.13633465944262e-05,0
956,16,-23,1.6,-2.3,2.80178514522438,-55.1755108430432,0.0405823989359231,1.12651848765936e-05,0
957,16,23,1.6,2.3,2.80178514522438,55.1755108430432,0.0405823989359231,1.12651848765936e-05,0
958,18,-21,1.8,-2.1,2.76586333718787,-49.3987053549955,0.0405291109169289,1.12503927647072e-05,0
959,18,21,1.8,2.1,2.76586333718787,49.3987053549955,0.0405291109169289,1.12503927647072e-05,0
960,1,-25,0.1,-2.5,2.50199920063936,-87.7093899573615,0.0404997674805378,1.12422473803897e-05,0
961,1,25,0.1,2.5,2.50199920063936,87.7093899573615,0.0404997674805378,1.12422473803897e-05,0
962,4,-26,0.4,-2.6,2.63058928759318,-81.2538377374448,0.0402650446352516,1.11770911472384e-05,0
963,4,26,0.4,2.6,2.63058928759318,81.2538377374448,0.0402650446352516,1.11770911472384e-05,0
964,10,-26,1,-2.6,2.78567765543682,-68.9624889745782,0.0401378096642771,1.11417722526344e-05,0
965,10,26,1,2.6,2.78567765543682,68.9624889745782,0.0401378096642771,1.11417722526344e-05,0
966,21,-15,2.1,-1.5,2.58069758011279,-35.5376777919744,0.0401342860643988,1.11407941437719e-05,0
967,21,15,2.1,1.5,2.58069758011279,35.5376777919744,0.0401342860643988,1.11407941437719e-05,0
968,13,-25,1.3,-2.5,2.81780056072107,-62.5255683737229,0.0400980891378006,1.11307463131659e-05,0
969,13,25,1.3,2.5,2.81780056072107,62.5255683737229,0.0400980891378006,1.11307463131659e-05,0
970,20,-18,2,-1.8,2.69072480941474,-41.9872124958167,0.0399423510446823,1.10875152953526e-05,0
971,20,18,2,1.8,2.69072480941474,41.9872124958167,0.0399423510446823,1.10875152953526e-05,0
972,21,-7,2.1,-0.7,2.21359436211787,-18.434948822922,0.039831158922609,1.10566497022674e-05,0
973,21,7,2.1,0.7,2.21359436211787,18.434948822922,0.039831158922609,1.10566497022674e-05,0
974,20,-3,2,-0.3,2.02237484161567,-8.53076560994814,0.0396305790739341,1.10009711535101e-05,0
975,20,3,2,0.3,2.02237484161567,8.53076560994814,0.0396305790739341,1.10009711535101e-05,0
976,15,-24,1.5,-2.4,2.83019433961698,-57.9946167919165,0.0395141009145171,1.09686382201616e-05,0
977,15,24,1.5,2.4,2.83019433961698,57.9946167919165,0.0395141009145171,1.09686382201616e-05,0
978,19,-20,1.9,-2,2.75862284482674,-46.4688007143858,0.0393707610237195,1.09288487938989e-05,0
979,19,20,1.9,2,2.75862284482674,46.4688007143858,0.0393707610237195,1.09288487938989e-05,0
980,3,-26,0.3,-2.6,2.61725046566048,-83.418055344822,0.0388712984272793,1.07902039962681e-05,0
981,3,26,0.3,2.6,2.61725046566048,83.418055344822,0.0388712984272793,1.07902039962681e-05,0
982,11,-26,1.1,-2.6,2.82311884269862,-67.0678995624102,0.038863703689363,1.07880957885485e-05,0
983,11,26,1.1,2.6,2.82311884269862,67.0678995624102,0.038863703689363,1.07880957885485e-05,0
984,21,-16,2.1,-1.6,2.64007575648882,-37.3039482779834,0.0386303993751513,1.07233333225284e-05,0
985,21,16,2.1,1.6,2.64007575648882,37.3039482779834,0.0386303993751513,1.07233333225284e-05,0
986,21,-6,2.1,-0.6,2.18403296678416,-15.9453959009229,0.0382302503723217,1.06122567816325e-05,0
987,21,6,2.1,0.6,2.18403296678416,15.9453959009229,0.0382302503723217,1.06122567816325e-05,0
988,20,-2,2,-0.2,2.00997512422418,-5.71059313749964,0.0380854630250297,1.05720655588905e-05,0
989,20,2,2,0.2,2.00997512422418,5.71059313749964,0.0380854630250297,1.05720655588905e-05,0
990,14,-25,1.4,-2.5,2.86530975637888,-60.751173663453,0.0378231299134704,1.04992450485596e-05,0
991,14,25,1.4,2.5,2.86530975637888,60.751173663453,0.0378231299134704,1.04992450485596e-05,0
992,20,-19,2,-1.9,2.75862284482674,-43.5311992856142,0.0375261508084373,1.04168072279673e-05,0
993,20,19,2,1.9,2.75862284482674,43.5311992856142,0.0375261508084373,1.04168072279673e-05,0
994,12,-26,1.2,-2.6,2.86356421265527,-65.2248594311681,0.0373444254260258,1.03663624518252e-05,0
995,12,26,1.2,2.6,2.86356421265527,65.2248594311681,0.0373444254260258,1.03663624518252e-05,0
996,17,-23,1.7,-2.3,2.86006992921502,-53.5307656099481,0.0372345811631796,1.03358710082181e-05,0
997,17,23,1.7,2.3,2.86006992921502,53.5307656099481,0.0372345811631796,1.03358710082181e-05,0
998,18,-22,1.8,-2.2,2.84253408071038,-50.7105931374996,0.0371743741111656,1.03191582561483e-05,0
999,18,22,1.8,2.2,2.84253408071038,50.7105931374996,0.0371743741111656,1.03191582561483e-05,0
1000,2,-26,0.2,-2.6,2.60768096208106,-85.6012946450045,0.037118170624337,1.03035568455261e-05,0
1001,2,26,0.2,2.6,2.60768096208106,85.6012946450045,0.037118170624337,1.03035568455261e-05,0
1002,20,-1,2,-0.1,2.00249843945008,-2.86240522611175,0.0370885724943142,1.02953407613258e-05,0
1003,20,1,2,0.1,2.00249843945008,2.86240522611175,0.0370885724943142,1.02953407613258e-05,0
1004,21,-17,2.1,-1.7,2.70185121722126,-38.9909940425055,0.036936723995645,1.02531894480571e-05,0
1005,21,17,2.1,1.7,2.70185121722126,38.9909940425055,0.036936723995645,1.02531894480571e-05,0
1006,20,0,2,0,2,0,0.0367441314761168,1.01997280856138e-05,0
1007,16,-24,1.6,-2.4,2.88444102037119,-56.3099324740202,0.0366461695432095,1.0172535033601e-05,0
1008,16,24,1.6,2.4,2.88444102037119,56.3099324740202,0.0366461695432095,1.0172535033601e-05,0
1009,7,-27,0.7,-2.7,2.78926513619627,-75.4655449194599,0.0365716067964299,1.01518373136681e-05,0
1010,7,27,0.7,2.7,2.78926513619627,75.4655449194599,0.0365716067964299,1.01518373136681e-05,0
1011,21,-5,2.1,-0.5,2.15870331449229,-13.3924977537511,0.036519011809385,1.0137237579099e-05,0
1012,21,5,2.1,0.5,2.15870331449229,13.3924977537511,0.036519011809385,1.0137237579099e-05,0
1013,22,-11,2.2,-1.1,2.45967477524977,-26.565051177078,0.0364759300592446,1.01252786044483e-05,0
1014,22,11,2.2,1.1,2.45967477524977,26.565051177078,0.0364759300592446,1.01252786044483e-05,0
1015,22,-12,2.2,-1.2,2.50599281722833,-28.6104596659652,0.0364710600914918,1.01239267600892e-05,0
1016,22,12,2.2,1.2,2.50599281722833,28.6104596659652,0.0364710600914918,1.01239267600892e-05,0
1017,19,-21,1.9,-2.1,2.83196045170126,-47.8624052261117,0.0364520839983874,1.01186592253288e-05,0
1018,19,21,1.9,2.1,2.83196045170126,47.8624052261117,0.0364520839983874,1.01186592253288e-05,0
1019,8,-27,0.8,-2.7,2.81602556806574,-73.495638618245,0.0364457776732719,1.01169086654758e-05,0
1020,8,27,0.8,2.7,2.81602556806574,73.495638618245,0.0364457776732719,1.01169086654758e-05,0
1021,6,-27,0.6,-2.7,2.76586333718787,-77.4711922908485,0.0363623360226602,1.00937462688409e-05,0
1022,6,27,0.6,2.7,2.76586333718787,77.4711922908485,0.0363623360226602,1.00937462688409e-05,0
1023,22,-10,2.2,-1,2.41660919471891,-24.4439547804165,0.0361521261754943,1.00353945485559e-05,0
1024,22,10,2.2,1,2.41660919471891,24.4439547804165,0.0361521261754943,1.00353945485559e-05,0
1025,22,-13,2.2,-1.3,2.55538646783613,-30.579226872489,0.0361466897951784,1.00338854748953e-05,0
1026,22,13,2.2,1.3,2.55538646783613,30.579226872489,0.0361466897951784,1.00338854748953e-05,0
1027,9,-27,0.9,-2.7,2.84604989415154,-71.565051177078,0.0360031676239774,9.99404544978925e-06,0
1028,9,27,0.9,2.7,2.84604989415154,71.565051177078,0.0360031676239774,9.99404544978925e-06,0
1029,5,-27,0.5,-2.7,2.7459060435492,-79.5085229876684,0.035810937825417,9.94068477431531e-06,0
1030,5,27,0.5,2.7,2.7459060435492,79.5085229876684,0.035810937825417,9.94068477431531e-06,0
1031,13,-26,1.3,-2.6,2.90688837074973,-63.434948822922,0.0356334718333124,9.89142235359141e-06,0
1032,13,26,1.3,2.6,2.90688837074973,63.434948822922,0.0356334718333124,9.89142235359141e-06,0
1033,22,-14,2.2,-1.4,2.60768096208106,-32.4711922908485,0.035526891518561,9.86183694264082e-06,0
1034,22,14,2.2,1.4,2.60768096208106,32.4711922908485,0.035526891518561,9.86183694264082e-06,0
1035,22,-9,2.2,-0.9,2.37697286480094,-22.2490236572124,0.0355094065090905,9.85698331472778e-06,0
1036,22,9,2.2,0.9,2.37697286480094,22.2490236572124,0.0355094065090905,9.85698331472778e-06,0
1037,15,-25,1.5,-2.5,2.91547594742265,-59.0362434679265,0.035465637561333,9.84483358230016e-06,0
1038,15,25,1.5,2.5,2.91547594742265,59.0362434679265,0.035465637561333,9.84483358230016e-06,0
1039,10,-27,1,-2.7,2.87923600977759,-69.6768631703371,0.0352714971654668,9.79094254803919e-06,0
1040,10,27,1,2.7,2.87923600977759,69.6768631703371,0.0352714971654668,9.79094254803919e-06,0
1041,21,-18,2.1,-1.8,2.76586333718787,-40.6012946450045,0.0351092689389018,9.74590994739522e-06,0
1042,21,18,2.1,1.8,2.76586333718787,40.6012946450045,0.0351092689389018,9.74590994739522e-06,0
1043,20,-20,2,-2,2.82842712474619,-45,0.0351011063340603,9.74364410666068e-06,0
1044,20,20,2,2,2.82842712474619,45,0.0351011063340603,9.74364410666068e-06,0
1045,1,-26,0.1,-2.6,2.60192236625154,-87.7974018382342,0.0350572591757478,9.73147266392552e-06,0
1046,1,26,0.1,2.6,2.60192236625154,87.7974018382342,0.0350572591757478,9.73147266392552e-06,0
1047,4,-27,0.4,-2.7,2.72946881279124,-81.5730309785193,0.0349228903870288,9.69417350748697e-06,0
1048,4,27,0.4,2.7,2.72946881279124,81.5730309785193,0.0349228903870288,9.69417350748697e-06,0
1049,21,-4,2.1,-0.4,2.1377558326432,-10.7842978675626,0.0348382682756088,9.67068342915769e-06,0
1050,21,4,2.1,0.4,2.1377558326432,10.7842978675626,0.0348382682756088,9.67068342915769e-06,0
1051,22,-15,2.2,-1.5,2.66270539113887,-34.286876977209,0.0346462485934839,9.6173810794741e-06,0
1052,22,15,2.2,1.5,2.66270539113887,34.286876977209,0.0346462485934839,9.6173810794741e-06,0
1053,22,-8,2.2,-0.8,2.34093998214392,-19.9831065219,0.0345794679271008,9.59884357127564e-06,0
1054,22,8,2.2,0.8,2.34093998214392,19.9831065219,0.0345794679271008,9.59884357127564e-06,0
1055,11,-27,1.1,-2.7,2.91547594742265,-67.8336541779175,0.0342855722443764,9.51726167155722e-06,0
1056,11,27,1.1,2.7,2.91547594742265,67.8336541779175,0.0342855722443764,9.51726167155722e-06,0
1057,18,-23,1.8,-2.3,2.92061637330205,-51.9529574681739,0.0340277090483737,9.4456819559168e-06,0
1058,18,23,1.8,2.3,2.92061637330205,51.9529574681739,0.0340277090483737,9.4456819559168e-06,0
1059,17,-24,1.7,-2.4,2.94108823397055,-54.6887865603668,0.0338274268355218,9.3900860272771e-06,0
1060,17,24,1.7,2.4,2.94108823397055,54.6887865603668,0.0338274268355218,9.3900860272771e-06,0
1061,14,-26,1.4,-2.6,2.95296461204668,-61.6992442339936,0.0337832878239444,9.37783356959281e-06,0
1062,14,26,1.4,2.6,2.95296461204668,61.6992442339936,0.0337832878239444,9.37783356959281e-06,0
1063,3,-27,0.3,-2.7,2.71661554144123,-83.6598082540901,0.0337165181648943,9.35929911689733e-06,0
1064,3,27,0.3,2.7,2.71661554144123,83.6598082540901,0.0337165181648943,9.35929911689733e-06,0
1065,19,-22,1.9,-2.2,2.90688837074973,-49.1849161251184,0.0336517401739721,9.3413175272721e-06,0
1066,19,22,1.9,2.2,2.90688837074973,49.1849161251184,0.0336517401739721,9.3413175272721e-06,0
1067,22,-16,2.2,-1.6,2.72029410174709,-36.0273733851036,0.0335456433175502,9.31186631852751e-06,0
1068,22,16,2.2,1.6,2.72029410174709,36.0273733851036,0.0335456433175502,9.31186631852751e-06,0
1069,22,-7,2.2,-0.7,2.30867927612304,-17.6501242199301,0.0334172003064193,9.27621208653448e-06,0
1070,22,7,2.2,0.7,2.30867927612304,17.6501242199301,0.0334172003064193,9.27621208653448e-06,0
1071,21,-3,2.1,-0.3,2.12132034355964,-8.13010235415598,0.0333346612408304,9.25330023662464e-06,0
1072,21,3,2.1,0.3,2.12132034355964,8.13010235415598,0.0333346612408304,9.25330023662464e-06,0
1073,21,-19,2.1,-1.9,2.83196045170126,-42.1375947738883,0.0331989516557402,9.21562889127168e-06,0
1074,21,19,2.1,1.9,2.83196045170126,42.1375947738883,0.0331989516557402,9.21562889127168e-06,0
1075,12,-27,1.2,-2.7,2.95465734053883,-66.0375110254218,0.0330848012787043,9.18394212225952e-06,0
1076,12,27,1.2,2.7,2.95465734053883,66.0375110254218,0.0330848012787043,9.18394212225952e-06,0
1077,16,-25,1.6,-2.5,2.96816441593117,-57.3807569288072,0.0330788848441088,9.18229979131614e-06,0
1078,16,25,1.6,2.5,2.96816441593117,57.3807569288072,0.0330788848441088,9.18229979131614e-06,0
1079,20,-21,2,-2.1,2.9,-46.3971810272964,0.0327097007233838,9.07981872852741e-06,0
1080,20,21,2,2.1,2.9,46.3971810272964,0.0327097007233838,9.07981872852741e-06,0
1081,22,-17,2.2,-1.7,2.78028775489157,-37.6942404666892,0.0322685787829038,8.95736859391425e-06,0
1082,22,17,2.2,1.7,2.78028775489157,37.6942404666892,0.0322685787829038,8.95736859391425e-06,0
1083,2,-27,0.2,-2.7,2.70739727413618,-85.7636052009412,0.0322223511335662,8.94453635555839e-06,0
1084,2,27,0.2,2.7,2.70739727413618,85.7636052009412,0.0322223511335662,8.94453635555839e-06,0
1085,21,-2,2.1,-0.2,2.1095023109729,-5.44033203100551,0.0321454017029397,8.92317612095212e-06,0
1086,21,2,2.1,0.2,2.1095023109729,5.44033203100551,0.0321454017029397,8.92317612095212e-06,0
1087,22,-6,2.2,-0.6,2.28035085019828,-15.2551187030578,0.0320995345353373,8.91044394798172e-06,0
1088,22,6,2.2,0.6,2.28035085019828,15.2551187030578,0.0320995345353373,8.91044394798172e-06,0
1089,7,-28,0.7,-2.8,2.88617393793236,-75.9637565320735,0.0319625342481,8.87241431926727e-06,0
1090,7,28,0.7,2.8,2.88617393793236,75.9637565320735,0.0319625342481,8.87241431926727e-06,0
1091,8,-28,0.8,-2.8,2.91204395571221,-74.0546040990772,0.0319245415944761,8.86186801647966e-06,0
1092,8,28,0.8,2.8,2.91204395571221,74.0546040990772,0.0319245415944761,8.86186801647966e-06,0
1093,15,-26,1.5,-2.6,3.00166620396073,-60.0183606311507,0.0318430632641297,8.83925061389e-06,0
1094,15,26,1.5,2.6,3.00166620396073,60.0183606311507,0.0318430632641297,8.83925061389e-06,0
1095,6,-28,0.6,-2.8,2.86356421265527,-77.9052429229879,0.0317249579122055,8.80646599151115e-06,0
1096,6,28,0.6,2.8,2.86356421265527,77.9052429229879,0.0317249579122055,8.80646599151115e-06,0
1097,13,-27,1.3,-2.7,2.99666481275434,-64.2900462191887,0.0317107791384582,8.80253013479065e-06,0
1098,13,27,1.3,2.7,2.99666481275434,64.2900462191887,0.0317107791384582,8.80253013479065e-06,0
1099,9,-28,0.9,-2.8,2.94108823397055,-72.1811110854772,0.0316233511620148,8.77826118214503e-06,0
1100,9,28,0.9,2.8,2.94108823397055,72.1811110854772,0.0316233511620148,8.77826118214503e-06,0
1101,21,-1,2.1,-0.1,2.10237960416286,-2.72631099390627,0.031382633655684,8.71144090333078e-06,0
1102,21,1,2.1,0.1,2.10237960416286,2.72631099390627,0.031382633655684,8.71144090333078e-06,0
1103,21,-20,2.1,-2,2.9,-43.6028189727036,0.0312501927180339,8.67467689511594e-06,0
1104,21,20,2.1,2,2.9,43.6028189727036,0.0312501927180339,8.67467689511594e-06,0
1105,5,-28,0.5,-2.8,2.84429253066558,-79.8753283446022,0.0312083025308249,8.66304868397521e-06,0
1106,5,28,0.5,2.8,2.84429253066558,79.8753283446022,0.0312083025308249,8.66304868397521e-06,0
1107,21,0,2.1,0,2.1,0,0.0311198476823742,8.63849468403545e-06,0
1108,18,-24,1.8,-2.4,3,-53.130102354156,0.0310988342791999,8.63266161655172e-06,0
1109,18,24,1.8,2.4,3,53.130102354156,0.0310988342791999,8.63266161655172e-06,0
1110,23,-12,2.3,-1.2,2.59422435421457,-27.5528115767178,0.0310988120945412,8.63265545835783e-06,0
1111,23,12,2.3,1.2,2.59422435421457,27.5528115767178,0.0310988120945412,8.63265545835783e-06,0
1112,10,-28,1,-2.8,2.9732137494637,-70.3461759419467,0.031078910888178,8.62713112330552e-06,0
1113,10,28,1,2.8,2.9732137494637,70.3461759419467,0.031078910888178,8.62713112330552e-06,0
1114,19,-23,1.9,-2.3,2.98328677803526,-50.4403320310055,0.0309931653770328,8.60332920275089e-06,0
1115,19,23,1.9,2.3,2.98328677803526,50.4403320310055,0.0309931653770328,8.60332920275089e-06,0
1116,23,-11,2.3,-1.1,2.54950975679639,-25.5599651718238,0.0309878726240199,8.60185999829873e-06,0
1117,23,11,2.3,1.1,2.54950975679639,25.5599651718238,0.0309878726240199,8.60185999829873e-06,0
1118,23,-13,2.3,-1.3,2.64196896272458,-29.4758890032457,0.030955078979214,8.59275687770451e-06,0
1119,23,13,2.3,1.3,2.64196896272458,29.4758890032457,0.030955078979214,8.59275687770451e-06,0
1120,22,-18,2.2,-1.8,2.84253408071038,-39.2894068625004,0.0308582253769515,8.56587148492196e-06,0
1121,22,18,2.2,1.8,2.84253408071038,39.2894068625004,0.0308582253769515,8.56587148492196e-06,0
1122,22,-5,2.2,-0.5,2.2561028345357,-12.8042660652868,0.0307214673699539,8.52790911028226e-06,0
1123,22,5,2.2,0.5,2.2561028345357,12.8042660652868,0.0307214673699539,8.52790911028226e-06,0
1124,17,-25,1.7,-2.5,3.0232432915662,-55.7842978675626,0.0307079849886187,8.52416656370297e-06,0
1125,17,25,1.7,2.5,3.0232432915662,55.7842978675626,0.0307079849886187,8.52416656370297e-06,0
1126,23,-10,2.3,-1,2.50798724079689,-23.4985656759521,0.0306214406241704,8.50014289109857e-06,0
1127,23,10,2.3,1,2.50798724079689,23.4985656759521,0.0306214406241704,8.50014289109857e-06,0
1128,23,-14,2.3,-1.4,2.69258240356725,-31.3286928678042,0.0305696540854104,8.48576757203054e-06,0
1129,23,14,2.3,1.4,2.69258240356725,31.3286928678042,0.0305696540854104,8.48576757203054e-06,0
1130,1,-27,0.1,-2.7,2.70185121722126,-87.8789036033385,0.0304815129841081,8.46130066451812e-06,0
1131,1,27,0.1,2.7,2.70185121722126,87.8789036033385,0.0304815129841081,8.46130066451812e-06,0
1132,4,-28,0.4,-2.8,2.82842712474619,-81.869897645844,0.0304186867978751,8.44386087235297e-06,0
1133,4,28,0.4,2.8,2.82842712474619,81.869897645844,0.0304186867978751,8.44386087235297e-06,0
1134,20,-22,2,-2.2,2.9732137494637,-47.7263109939063,0.0303848644878971,8.43447220670368e-06,0
1135,20,22,2,2.2,2.9732137494637,47.7263109939063,0.0303848644878971,8.43447220670368e-06,0
1136,11,-28,1.1,-2.8,3.00832179129826,-68.5522636728947,0.030317109610543,8.41566426928012e-06,0
1137,11,28,1.1,2.8,3.00832179129826,68.5522636728947,0.030317109610543,8.41566426928012e-06,0
1138,14,-27,1.4,-2.7,3.04138126514911,-62.5924245621816,0.0302051217386274,8.38457778562847e-06,0
1139,14,27,1.4,2.7,3.04138126514911,62.5924245621816,0.0302051217386274,8.38457778562847e-06,0
1140,23,-9,2.3,-0.9,2.46981780704569,-21.3706222693432,0.0300133884987799,8.33135494886911e-06,0
1141,23,9,2.3,0.9,2.46981780704569,21.3706222693432,0.0300133884987799,8.33135494886911e-06,0
1142,23,-15,2.3,-1.5,2.7459060435492,-33.111341960372,0.0299647115181276,8.31784280565775e-06,0
1143,23,15,2.3,1.5,2.7459060435492,33.111341960372,0.0299647115181276,8.31784280565775e-06,0
1144,16,-26,1.6,-2.6,3.05286750449475,-58.3924977537511,0.0298571574511135,8.28798709281395e-06,0
1145,16,26,1.6,2.6,3.05286750449475,58.3924977537511,0.0298571574511135,8.28798709281395e-06,0
1146,22,-4,2.2,-0.4,2.23606797749979,-10.304846468766,0.0293892398491959,8.15809880550652e-06,0
1147,22,4,2.2,0.4,2.23606797749979,10.304846468766,0.0293892398491959,8.15809880550652e-06,0
1148,3,-28,0.3,-2.8,2.81602556806574,-83.8844964337146,0.0293719838608327,8.15330875109286e-06,0
1149,3,28,0.3,2.8,2.81602556806574,83.8844964337146,0.0293719838608327,8.15330875109286e-06,0
1150,12,-28,1.2,-2.8,3.04630924234556,-66.8014094863518,0.0293679688889145,8.15219424327375e-06,0
1151,12,28,1.2,2.8,3.04630924234556,66.8014094863518,0.0293679688889145,8.15219424327375e-06,0
1152,22,-19,2.2,-1.9,2.90688837074973,-40.8150838748816,0.0293552453515549,8.14866234263705e-06,0
1153,22,19,2.2,1.9,2.90688837074973,40.8150838748816,0.0293552453515549,8.14866234263705e-06,0
1154,21,-21,2.1,-2.1,2.9698484809835,-45,0.0293003258398972,8.13341734804881e-06,0
1155,21,21,2.1,2.1,2.9698484809835,45,0.0293003258398972,8.13341734804881e-06,0
1156,23,-8,2.3,-0.8,2.43515913237718,-19.1790080258107,0.029193923308935,8.10388128773558e-06,0
1157,23,8,2.3,0.8,2.43515913237718,19.1790080258107,0.029193923308935,8.10388128773558e-06,0
1158,23,-16,2.3,-1.6,2.80178514522438,-34.8244891569568,0.0291686019849945,8.09685239336291e-06,0
1159,23,16,2.3,1.6,2.80178514522438,34.8244891569568,0.0291686019849945,8.09685239336291e-06,0
1160,15,-27,1.5,-2.7,3.0886890422961,-60.9453959009229,0.0286076730932124,7.94114529289e-06,0
1161,15,27,1.5,2.7,3.0886890422961,60.9453959009229,0.0286076730932124,7.94114529289e-06,0
1162,19,-24,1.9,-2.4,3.06104557300279,-51.6325146151385,0.0284909196569745,7.90873594601342e-06,0
1163,19,24,1.9,2.4,3.06104557300279,51.6325146151385,0.0284909196569745,7.90873594601342e-06,0
1164,18,-25,1.8,-2.5,3.08058436014987,-54.2461127455633,0.0283896473590417,7.88062397656352e-06,0
1165,18,25,1.8,2.5,3.08058436014987,54.2461127455633,0.0283896473590417,7.88062397656352e-06,0
1166,13,-28,1.3,-2.8,3.08706980808663,-65.0952311919048,0.0282638308318867,7.84569882486982e-06,0
1167,13,28,1.3,2.8,3.08706980808663,65.0952311919048,0.0282638308318867,7.84569882486982e-06,0
1168,23,-17,2.3,-1.7,2.86006992921502,-36.4692343900519,0.0282130746116342,7.83160950980285e-06,0
1169,23,17,2.3,1.7,2.86006992921502,36.4692343900519,0.0282130746116342,7.83160950980285e-06,0
1170,22,-3,2.2,-0.3,2.22036033111745,-7.76516601842533,0.0282111450551316,7.83107388817125e-06,0
1171,22,3,2.2,0.3,2.22036033111745,7.76516601842533,0.0282111450551316,7.83107388817125e-06,0
1172,23,-7,2.3,-0.7,2.40416305603426,-16.927513064147,0.0282098826862918,7.83072346979442e-06,0
1173,23,7,2.3,0.7,2.40416305603426,16.927513064147,0.0282098826862918,7.83072346979442e-06,0
1174,20,-23,2,-2.3,3.04795013082563,-48.9909130984298,0.028150952296801,7.81436510385576e-06,0
1175,20,23,2,2.3,3.04795013082563,48.9909130984298,0.028150952296801,7.81436510385576e-06,0
1176,2,-28,0.2,-2.8,2.80713376952364,-85.9143832200251,0.028093244486468,7.79834611115769e-06,0
1177,2,28,0.2,2.8,2.80713376952364,85.9143832200251,0.028093244486468,7.79834611115769e-06,0
1178,8,-29,0.8,-2.9,3.00832179129827,-74.5778386812613,0.0280566035128501,7.78817501845032e-06,0
1179,8,29,0.8,2.9,3.00832179129827,74.5778386812613,0.0280566035128501,7.78817501845032e-06,0
1180,7,-29,0.7,-2.9,2.98328677803526,-76.4295656148385,0.0280338894915865,7.78186987987957e-06,0
1181,7,29,0.7,2.9,2.98328677803526,76.4295656148385,0.0280338894915865,7.78186987987957e-06,0
1182,17,-26,1.7,-2.6,3.10644491340181,-56.8214883406073,0.0278641292138442,7.73474647259926e-06,0
1183,17,26,1.7,2.6,3.10644491340181,56.8214883406073,0.0278641292138442,7.73474647259926e-06,0
1184,9,-29,0.9,-2.9,3.0364452901378,-72.75854060106,0.0278600235804341,7.73360679824258e-06,0
1185,9,29,0.9,2.9,3.0364452901378,72.75854060106,0.0278600235804341,7.73360679824258e-06,0
1186,22,-20,2.2,-2,2.9732137494637,-42.2736890060937,0.027796351156898,7.71593210080027e-06,0
1187,22,20,2.2,2,2.9732137494637,42.2736890060937,0.027796351156898,7.71593210080027e-06,0
1188,6,-29,0.6,-2.9,2.96141857899217,-78.3106308245608,0.0277836592885178,7.71240899109063e-06,0
1189,6,29,0.6,2.9,2.96141857899217,78.3106308245608,0.0277836592885178,7.71240899109063e-06,0
1190,10,-29,1,-2.9,3.06757233003559,-70.9743939624313,0.0274584721661882,7.6221409648383e-06,0
1191,10,29,1,2.9,3.06757233003559,70.9743939624313,0.0274584721661882,7.6221409648383e-06,0
1192,21,-22,2.1,-2.2,3.04138126514911,-46.3322198538696,0.0273796122999354,7.60025041632527e-06,0
1193,21,22,2.1,2.2,3.04138126514911,46.3322198538696,0.0273796122999354,7.60025041632527e-06,0
1194,5,-29,0.5,-2.9,2.94278779391243,-80.2175929681927,0.0273046636759328,7.57944558152562e-06,0
1195,5,29,0.5,2.9,2.94278779391243,80.2175929681927,0.0273046636759328,7.57944558152562e-06,0
1196,22,-2,2.2,-0.2,2.20907220343745,-5.19442890773481,0.0272869487026757,7.57452811843676e-06,0
1197,22,2,2.2,0.2,2.20907220343745,5.19442890773481,0.0272869487026757,7.57452811843676e-06,0
1198,23,-18,2.3,-1.8,2.92061637330205,-38.0470425318261,0.0271309179970724,7.53121587492394e-06,0
1199,23,18,2.3,1.8,2.92061637330205,38.0470425318261,0.0271309179970724,7.53121587492394e-06,0
1200,23,-6,2.3,-0.6,2.37697286480094,-14.6208739886317,0.0271233096812876,7.52910389815168e-06,0
1201,23,6,2.3,0.6,2.37697286480094,14.6208739886317,0.0271233096812876,7.52910389815168e-06,0
1202,14,-28,1.4,-2.8,3.13049516849971,-63.434948822922,0.0270376814207576,7.50533452495483e-06,0
1203,14,28,1.4,2.8,3.13049516849971,63.434948822922,0.0270376814207576,7.50533452495483e-06,0
1204,16,-27,1.6,-2.7,3.13847096529504,-59.3493320429471,0.0269551447218778,7.48242333201493e-06,0
1205,16,27,1.6,2.7,3.13847096529504,59.3493320429471,0.0269551447218778,7.48242333201493e-06,0
1206,11,-29,1.1,-2.9,3.10161248385416,-69.2277453179542,0.0268712148098664,7.45912539989966e-06,0
1207,11,29,1.1,2.9,3.10161248385416,69.2277453179542,0.0268712148098664,7.45912539989966e-06,0
1208,22,-1,2.2,-0.1,2.20227155455452,-2.60256220249981,0.0266973003748388,7.41084884861969e-06,0
1209,22,1,2.2,0.1,2.20227155455452,2.60256220249981,0.0266973003748388,7.41084884861969e-06,0
1210,24,-12,2.4,-1.2,2.68328157299975,-26.565051177078,0.0266185287062179,7.3889827827064e-06,0
1211,24,12,2.4,1.2,2.68328157299975,26.565051177078,0.0266185287062179,7.3889827827064e-06,0
1212,1,-28,0.1,-2.8,2.80178514522438,-87.9545915111128,0.0266154372016008,7.38812461828114e-06,0
1213,1,28,0.1,2.8,2.80178514522438,87.9545915111128,0.0266154372016008,7.38812461828114e-06,0
1214,4,-29,0.4,-2.9,2.92745623366089,-82.1466866980218,0.0266031047547485,7.38470127965616e-06,0
1215,4,29,0.4,2.9,2.92745623366089,82.1466866980218,0.0266031047547485,7.38470127965616e-06,0
1216,24,-13,2.4,-1.3,2.72946881279124,-28.4429286243633,0.0265948818028794,7.38241868731401e-06,0
1217,24,13,2.4,1.3,2.72946881279124,28.4429286243633,0.0265948818028794,7.38241868731401e-06,0
1218,22,0,2.2,0,2.2,0,0.0264946805703585,7.35460403271479e-06,0
1219,24,-11,2.4,-1.1,2.64007575648882,-24.6235647861636,0.0264397870761086,7.3393662602454e-06,0
1220,24,11,2.4,1.1,2.64007575648882,24.6235647861636,0.0264397870761086,7.3393662602454e-06,0
1221,24,-14,2.4,-1.4,2.77848879788996,-30.2564371635293,0.0263745823184841,7.3212662053267e-06,0
1222,24,14,2.4,1.4,2.77848879788996,30.2564371635293,0.0263745823184841,7.3212662053267e-06,0
1223,22,-21,2.2,-2.1,3.04138126514911,-43.6677801461304,0.0262134947299827,7.27655023206305e-06,0
1224,22,21,2.2,2.1,3.04138126514911,43.6677801461304,0.0262134947299827,7.27655023206305e-06,0
1225,19,-25,1.9,-2.5,3.14006369362152,-52.7651660184253,0.026152461986149,7.25960827789475e-06,0
1226,19,25,1.9,2.5,3.14006369362152,52.7651660184253,0.026152461986149,7.25960827789475e-06,0
1227,12,-29,1.2,-2.9,3.13847096529504,-67.5205656028969,0.0261211422241568,7.25091428940753e-06,0
1228,12,29,1.2,2.9,3.13847096529504,67.5205656028969,0.0261211422241568,7.25091428940753e-06,0
1229,24,-10,2.4,-1,2.6,-22.6198649480404,0.0260626837365628,7.23468691774839e-06,0
1230,24,10,2.4,1,2.6,22.6198649480404,0.0260626837365628,7.23468691774839e-06,0
1231,20,-24,2,-2.4,3.12409987036266,-50.1944289077348,0.0260249199467942,7.22420414480892e-06,0
1232,20,24,2,2.4,3.12409987036266,50.1944289077348,0.0260249199467942,7.22420414480892e-06,0
1233,23,-5,2.3,-0.5,2.35372045918796,-12.2647737278924,0.0260081121789391,7.21953851100672e-06,0
1234,23,5,2.3,0.5,2.35372045918796,12.2647737278924,0.0260081121789391,7.21953851100672e-06,0
1235,24,-15,2.4,-1.5,2.83019433961698,-32.0053832080835,0.0259711563860121,7.2092800282531e-06,0
1236,24,15,2.4,1.5,2.83019433961698,32.0053832080835,0.0259711563860121,7.2092800282531e-06,0
1237,23,-19,2.3,-1.9,2.98328677803526,-39.5596679689945,0.025954105032088,7.20454677789363e-06,0
1238,23,19,2.3,1.9,2.98328677803526,39.5596679689945,0.025954105032088,7.20454677789363e-06,0
1239,18,-26,1.8,-2.6,3.16227766016838,-55.304846468766,0.0258963001106946,7.18850082833553e-06,0
1240,18,26,1.8,2.6,3.16227766016838,55.304846468766,0.0258963001106946,7.18850082833553e-06,0
1241,15,-28,1.5,-2.8,3.17647603485372,-61.8214098900408,0.0257217096104973,7.14003660951186e-06,0
1242,15,28,1.5,2.8,3.17647603485372,61.8214098900408,0.0257217096104973,7.14003660951186e-06,0
1243,3,-29,0.3,-2.9,2.91547594742265,-84.0938588862295,0.025692640869732,7.13196747738962e-06,0
1244,3,29,0.3,2.9,2.91547594742265,84.0938588862295,0.025692640869732,7.13196747738962e-06,0
1245,21,-23,2.1,-2.3,3.11448230047949,-47.6025622024998,0.0255116655641694,7.08173091354137e-06,0
1246,21,23,2.1,2.3,3.11448230047949,47.6025622024998,0.0255116655641694,7.08173091354137e-06,0
1247,24,-9,2.4,-0.9,2.56320112359526,-20.5560452195835,0.0255025516064355,7.07920098870887e-06,0
1248,24,9,2.4,0.9,2.56320112359526,20.5560452195835,0.0255025516064355,7.07920098870887e-06,0
1249,24,-16,2.4,-1.6,2.88444102037119,-33.6900675259798,0.0254037935878,7.05178695289172e-06,0
1250,24,16,2.4,1.6,2.88444102037119,33.6900675259798,0.0254037935878,7.05178695289172e-06,0
1251,17,-27,1.7,-2.7,3.19061122670876,-57.8042660652868,0.0252801937213005,7.01747711948248e-06,0
1252,17,27,1.7,2.7,3.19061122670876,57.8042660652868,0.0252801937213005,7.01747711948248e-06,0
1253,13,-29,1.3,-2.9,3.17804971641414,-65.8544580395783,0.0252334125302173,7.0044912246089e-06,0
1254,13,29,1.3,2.9,3.17804971641414,65.8544580395783,0.0252334125302173,7.0044912246089e-06,0
1255,23,-4,2.3,-0.4,2.33452350598575,-9.86580694308437,0.0249448792629356,6.92439786679367e-06,0
1256,23,4,2.3,0.4,2.33452350598575,9.86580694308437,0.0249448792629356,6.92439786679367e-06,0
1257,24,-8,2.4,-0.8,2.5298221281347,-18.434948822922,0.0247868424486595,6.88052875168938e-06,0
1258,24,8,2.4,0.8,2.5298221281347,18.434948822922,0.0247868424486595,6.88052875168938e-06,0
1259,8,-30,0.8,-3,3.104834939252,-75.0685828218625,0.0247364807180407,6.86654894219063e-06,0
1260,8,30,0.8,3,3.104834939252,75.0685828218625,0.0247364807180407,6.86654894219063e-06,0
1261,23,-20,2.3,-2,3.04795013082563,-41.0090869015702,0.0247124505858305,6.85987846708185e-06,0
1262,23,20,2.3,2,3.04795013082563,41.0090869015702,0.0247124505858305,6.85987846708185e-06,0
1263,24,-17,2.4,-1.7,2.94108823397055,-35.3112134396332,0.0246952870902599,6.85511408755275e-06,0
1264,24,17,2.4,1.7,2.94108823397055,35.3112134396332,0.0246952870902599,6.85511408755275e-06,0
1265,7,-30,0.7,-3,3.08058436014987,-76.8659776936037,0.0246726815745377,6.84883906881265e-06,0
1266,7,30,0.7,3,3.08058436014987,76.8659776936037,0.0246726815745377,6.84883906881265e-06,0
1267,22,-22,2.2,-2.2,3.11126983722081,-45,0.0246335589647449,6.83797910380994e-06,0
1268,22,22,2.2,2.2,3.11126983722081,45,0.0246335589647449,6.83797910380994e-06,0
1269,9,-30,0.9,-3,3.13209195267317,-73.3007557660064,0.0246170194999017,6.83338794769044e-06,0
1270,9,30,0.9,3,3.13209195267317,73.3007557660064,0.0246170194999017,6.83338794769044e-06,0
1271,2,-29,0.2,-2.9,2.90688837074973,-86.0548137709624,0.0245938849878955,6.82696608595694e-06,0
1272,2,29,0.2,2.9,2.90688837074973,86.0548137709624,0.0245938849878955,6.82696608595694e-06,0
1273,6,-30,0.6,-3,3.05941170815567,-78.6900675259798,0.0244202892364475,6.77877799739816e-06,0
1274,6,30,0.6,3,3.05941170815567,78.6900675259798,0.0244202892364475,6.77877799739816e-06,0
1275,16,-28,1.6,-2.8,3.22490309931942,-60.2551187030578,0.0243461605624084,6.75820077082696e-06,0
1276,16,28,1.6,2.8,3.22490309931942,60.2551187030578,0.0243461605624084,6.75820077082696e-06,0
1277,10,-30,1,-3,3.16227766016838,-71.565051177078,0.0243245432073244,6.75220005357145e-06,0
1278,10,30,1,3,3.16227766016838,71.565051177078,0.0243245432073244,6.75220005357145e-06,0
1279,14,-29,1.4,-2.9,3.22024843762092,-64.2306723756613,0.0242341584114162,6.72711032347574e-06,0
1280,14,29,1.4,2.9,3.22024843762092,64.2306723756613,0.0242341584114162,6.72711032347574e-06,0
1281,20,-25,2,-2.5,3.20156211871642,-51.3401917459099,0.0240175510753783,6.6669827373775e-06,0
1282,20,25,2,2.5,3.20156211871642,51.3401917459099,0.0240175510753783,6.6669827373775e-06,0
1283,23,-3,2.3,-0.3,2.31948270094864,-7.43140797117251,0.0240142423417432,6.66606427279471e-06,0
1284,23,3,2.3,0.3,2.31948270094864,7.43140797117251,0.0240142423417432,6.66606427279471e-06,0
1285,19,-26,1.9,-2.6,3.22024843762092,-53.8418145601917,0.0239797499444384,6.65648959897888e-06,0
1286,19,26,1.9,2.6,3.22024843762092,53.8418145601917,0.0239797499444384,6.65648959897888e-06,0
1287,5,-30,0.5,-3,3.04138126514911,-80.5376777919744,0.0239794755380051,6.65641342705992e-06,0
1288,5,30,0.5,3,3.04138126514911,80.5376777919744,0.0239794755380051,6.65641342705992e-06,0
1289,24,-7,2.4,-0.7,2.5,-16.260204708312,0.0239549258653941,6.64959873379699e-06,0
1290,24,7,2.4,0.7,2.5,16.260204708312,0.0239549258653941,6.64959873379699e-06,0
1291,11,-30,1.1,-3,3.19530906173409,-69.8636965717519,0.0238733898283926,6.6269653125353e-06,0
1292,11,30,1.1,3,3.19530906173409,69.8636965717519,0.0238733898283926,6.6269653125353e-06,0
1293,24,-18,2.4,-1.8,3,-36.869897645844,0.0238701956452102,6.62607864577772e-06,0
1294,24,18,2.4,1.8,3,36.869897645844,0.0238701956452102,6.62607864577772e-06,0
1295,21,-24,2.1,-2.4,3.18904374382039,-48.8140748342904,0.0237141235402086,6.58275491029084e-06,0
1296,21,24,2.1,2.4,3.18904374382039,48.8140748342904,0.0237141235402086,6.58275491029084e-06,0
1297,18,-27,1.8,-2.7,3.24499614791759,-56.3099324740202,0.0236109053950162,6.55410279709155e-06,0
1298,18,27,1.8,2.7,3.24499614791759,56.3099324740202,0.0236109053950162,6.55410279709155e-06,0
1299,4,-1,0.4,-0.1,0.412310562561766,-14.0362434679265,0.0234836042499476,6.51876553335648e-06,0
1300,4,1,0.4,0.1,0.412310562561766,14.0362434679265,0.0234836042499476,6.51876553335648e-06,0
1301,23,-21,2.3,-2.1,3.11448230047949,-42.3974377975002,0.0234327396155134,6.50464612381922e-06,0
1302,23,21,2.3,2.1,3.11448230047949,42.3974377975002,0.0234327396155134,6.50464612381922e-06,0
1303,4,-30,0.4,-3,3.02654919008431,-82.4053566314086,0.0233562083212587,6.4834019588307e-06,0
1304,4,30,0.4,3,3.02654919008431,82.4053566314086,0.0233562083212587,6.4834019588307e-06,0
1305,1,-29,0.1,-2.9,2.90172362570938,-88.025065989118,0.0233334182789749,6.47707571774086e-06,0
1306,1,29,0.1,2.9,2.90172362570938,88.025065989118,0.0233334182789749,6.47707571774086e-06,0
1307,23,-2,2.3,-0.2,2.30867927612304,-4.9697407281103,0.0232894725653006,6.46487691722499e-06,0
1308,23,2,2.3,0.2,2.30867927612304,4.9697407281103,0.0232894725653006,6.46487691722499e-06,0
1309,12,-30,1.2,-3,3.2310988842807,-68.1985905136482,0.0232810283472535,6.46253290405837e-06,0
1310,12,30,1.2,3,3.2310988842807,68.1985905136482,0.0232810283472535,6.46253290405837e-06,0
1311,15,-29,1.5,-2.9,3.2649655434629,-62.6501242199301,0.023149339429224,6.42597764742747e-06,0
1312,15,29,1.5,2.9,3.2649655434629,62.6501242199301,0.023149339429224,6.42597764742747e-06,0
1313,22,-23,2.2,-2.3,3.18276609256791,-46.2730300200567,0.0230784201565983,6.40629131201138e-06,0
1314,22,23,2.2,2.3,3.18276609256791,46.2730300200567,0.0230784201565983,6.40629131201138e-06,0
1315,24,-6,2.4,-0.6,2.4738633753706,-14.0362434679265,0.0230566655253343,6.40025248854264e-06,0
1316,24,6,2.4,0.6,2.4738633753706,14.0362434679265,0.0230566655253343,6.40025248854264e-06,0
1317,24,-19,2.4,-1.9,3.06104557300279,-38.3674853848615,0.0229533175451219,6.37156433470649e-06,0
1318,24,19,2.4,1.9,3.06104557300279,38.3674853848615,0.0229533175451219,6.37156433470649e-06,0
1319,17,-28,1.7,-2.8,3.27566787083184,-58.7362683056226,0.0229385028505955,6.36745195404131e-06,0
1320,17,28,1.7,2.8,3.27566787083184,58.7362683056226,0.0229385028505955,6.36745195404131e-06,0
1321,25,-13,2.5,-1.3,2.81780056072107,-27.4744316262771,0.0229250215249212,6.36370970050074e-06,0
1322,25,13,2.5,1.3,2.81780056072107,27.4744316262771,0.0229250215249212,6.36370970050074e-06,0
1323,25,-12,2.5,-1.2,2.77308492477241,-25.6410058243053,0.0228710215592667,6.34871996080133e-06,0
1324,25,12,2.5,1.2,2.77308492477241,25.6410058243053,0.0228710215592667,6.34871996080133e-06,0
1325,23,-1,2.3,-0.1,2.30217288664427,-2.48955292199916,0.0228292276266453,6.33711846877412e-06,0
1326,23,1,2.3,0.1,2.30217288664427,2.48955292199916,0.0228292276266453,6.33711846877412e-06,0
1327,25,-14,2.5,-1.4,2.86530975637888,-29.248826336547,0.0228196298190975,6.33445423306429e-06,0
1328,25,14,2.5,1.4,2.86530975637888,29.248826336547,0.0228196298190975,6.33445423306429e-06,0
1329,23,0,2.3,0,2.3,0,0.0226714386780475,6.29331815819503e-06,0
1330,25,-11,2.5,-1.1,2.73130005674953,-23.7494944928668,0.0226564939540971,6.28916968292877e-06,0
1331,25,11,2.5,1.1,2.73130005674953,23.7494944928668,0.0226564939540971,6.28916968292877e-06,0
1332,13,-30,1.3,-3,3.26955654485436,-66.5713071912546,0.0225670417005183,6.26433881534541e-06,0
1333,13,30,1.3,3,3.26955654485436,66.5713071912546,0.0225670417005183,6.26433881534541e-06,0
1334,25,-15,2.5,-1.5,2.91547594742265,-30.9637565320735,0.0225624442632742,6.26306262217124e-06,0
1335,25,15,2.5,1.5,2.91547594742265,30.9637565320735,0.0225624442632742,6.26306262217124e-06,0
1336,3,-30,0.3,-3,3.01496268633627,-84.2894068625004,0.022562192085249,6.2629926205905e-06,0
1337,3,30,0.3,3,3.01496268633627,84.2894068625004,0.022562192085249,6.2629926205905e-06,0
1338,25,-10,2.5,-1,2.69258240356725,-21.8014094863518,0.0222880507755185,6.18689429675063e-06,0
1339,25,10,2.5,1,2.69258240356725,21.8014094863518,0.0222880507755185,6.18689429675063e-06,0
1340,25,-16,2.5,-1.6,2.96816441593117,-32.6192430711928,0.022166047126815,6.15302755416515e-06,0
1341,25,16,2.5,1.6,2.96816441593117,32.6192430711928,0.022166047126815,6.15302755416515e-06,0
1342,24,-5,2.4,-0.5,2.45153013442625,-11.7682889320206,0.0221496960214908,6.14848868437817e-06,0
1343,24,5,2.4,0.5,2.45153013442625,11.7682889320206,0.0221496960214908,6.14848868437817e-06,0
1344,23,-22,2.3,-2.2,3.18276609256791,-43.7269699799433,0.02213825381034,6.14531246445546e-06,0
1345,23,22,2.3,2.2,3.18276609256791,43.7269699799433,0.02213825381034,6.14531246445546e-06,0
1346,20,-26,2,-2.6,3.28024389337134,-52.4314079711725,0.0221346345765522,6.14430780877221e-06,0
1347,20,26,2,2.6,3.28024389337134,52.4314079711725,0.0221346345765522,6.14430780877221e-06,0
1348,16,-29,1.6,-2.9,3.31209903233584,-61.1134182330893,0.022003791689737,6.10798740021066e-06,0
1349,16,29,1.6,2.9,3.31209903233584,61.1134182330893,0.022003791689737,6.10798740021066e-06,0
1350,21,-25,2.1,-2.5,3.2649655434629,-49.9697407281103,0.0219994423847306,6.10678008555538e-06,0
1351,21,25,2.1,2.5,3.2649655434629,49.9697407281103,0.0219994423847306,6.10678008555538e-06,0
1352,19,-27,1.9,-2.7,3.30151480384384,-54.8658069430844,0.0219706204493534,6.09877946363458e-06,0
1353,19,27,1.9,2.7,3.30151480384384,54.8658069430844,0.0219706204493534,6.09877946363458e-06,0
1354,24,-20,2.4,-2,3.12409987036266,-39.8055710922652,0.0219685112536046,6.09819397631313e-06,0
1355,24,20,2.4,2,3.12409987036266,39.8055710922652,0.0219685112536046,6.09819397631313e-06,0
1356,8,-31,0.8,-3.1,3.20156211871642,-75.5297058999341,0.0218771214058469,6.07282525593611e-06,0
1357,8,31,0.8,3.1,3.20156211871642,75.5297058999341,0.0218771214058469,6.07282525593611e-06,0
1358,9,-31,0.9,-3.1,3.22800247831379,-73.8107937429731,0.021814218746149,6.0553642356587e-06,0
1359,9,31,0.9,3.1,3.22800247831379,73.8107937429731,0.021814218746149,6.0553642356587e-06,0
1360,7,-31,0.7,-3.1,3.17804971641414,-77.2756443145776,0.0217864008321769,6.04764231798026e-06,0
1361,7,31,0.7,3.1,3.17804971641414,77.2756443145776,0.0217864008321769,6.04764231798026e-06,0
1362,25,-9,2.5,-0.9,2.65706605111728,-19.7988763545249,0.0217809550073442,6.0461306226356e-06,0
1363,25,9,2.5,0.9,2.65706605111728,19.7988763545249,0.0217809550073442,6.0461306226356e-06,0
1364,14,-30,1.4,-3,3.31058907144937,-64.9831065219,0.0217521325437238,6.03812985408086e-06,0
1365,14,30,1.4,3,3.31058907144937,64.9831065219,0.0217521325437238,6.03812985408086e-06,0
1366,25,-17,2.5,-1.7,3.0232432915662,-34.2157021324374,0.0216465012351885,6.00880787581916e-06,0
1367,25,17,2.5,1.7,3.0232432915662,34.2157021324374,0.0216465012351885,6.00880787581916e-06,0
1368,2,-30,0.2,-3,3.00665927567458,-86.1859251657096,0.0216144408246868,5.99990829223142e-06,0
1369,2,30,0.2,3,3.00665927567458,86.1859251657096,0.0216144408246868,5.99990829223142e-06,0
1370,10,-31,1,-3.1,3.25729949498047,-72.1213034041587,0.0216049800346819,5.99728209094027e-06,0
1371,10,31,1,3.1,3.25729949498047,72.1213034041587,0.0216049800346819,5.99728209094027e-06,0
1372,22,-24,2.2,-2.4,3.25576411921994,-47.4895529219992,0.0215652624915374,5.9862569796088e-06,0
1373,22,24,2.2,2.4,3.25576411921994,47.4895529219992,0.0215652624915374,5.9862569796088e-06,0
1374,6,-31,0.6,-3.1,3.15753068076939,-79.0459373566017,0.0215387299052452,5.97889185340452e-06,0
1375,6,31,0.6,3.1,3.15753068076939,79.0459373566017,0.0215387299052452,5.97889185340452e-06,0
1376,18,-28,1.8,-2.8,3.32866339541865,-57.2647737278924,0.0215228983487022,5.97449720409798e-06,0
1377,18,28,1.8,2.8,3.32866339541865,57.2647737278924,0.0215228983487022,5.97449720409798e-06,0
1378,24,-4,2.4,-0.4,2.43310501211929,-9.46232220802562,0.0212955028990936,5.91137496768259e-06,0
1379,24,4,2.4,0.4,2.43310501211929,9.46232220802562,0.0212955028990936,5.91137496768259e-06,0
1380,11,-31,1.1,-3.1,3.28937684067971,-70.4633450618716,0.0212600711387455,5.90153953800642e-06,0
1381,11,31,1.1,3.1,3.28937684067971,70.4633450618716,0.0212600711387455,5.90153953800642e-06,0
1382,25,-8,2.5,-0.8,2.62488094968134,-17.7446716250569,0.0211594424826466,5.87360623577292e-06,0
1383,25,8,2.5,0.8,2.62488094968134,17.7446716250569,0.0211594424826466,5.87360623577292e-06,0
1384,5,-31,0.5,-3.1,3.14006369362152,-80.8376529542783,0.0211351422271738,5.86686077770175e-06,0
1385,5,31,0.5,3.1,3.14006369362152,80.8376529542783,0.0211351422271738,5.86686077770175e-06,0
1386,25,-18,2.5,-1.8,3.08058436014987,-35.7538872544367,0.0210219450866919,5.83543861566931e-06,0
1387,25,18,2.5,1.8,3.08058436014987,35.7538872544367,0.0210219450866919,5.83543861566931e-06,0
1388,24,-21,2.4,-2.1,3.18904374382039,-41.1859251657096,0.0209378556819721,5.81209641030025e-06,0
1389,24,21,2.4,2.1,3.18904374382039,41.1859251657096,0.0209378556819721,5.81209641030025e-06,0
1390,15,-30,1.5,-3,3.35410196624968,-63.434948822922,0.0208572148544725,5.78971148840791e-06,0
1391,15,30,1.5,3,3.35410196624968,63.434948822922,0.0208572148544725,5.78971148840791e-06,0
1392,23,-23,2.3,-2.3,3.25269119345812,-45,0.0208486131813313,5.78732376760468e-06,0
1393,23,23,2.3,2.3,3.25269119345812,45,0.0208486131813313,5.78732376760468e-06,0
1394,17,-29,1.7,-2.9,3.36154726279432,-59.6208739886317,0.0208204997775445,5.7795198255147e-06,0
1395,17,29,1.7,2.9,3.36154726279432,59.6208739886317,0.0208204997775445,5.7795198255147e-06,0
1396,12,-31,1.2,-3.1,3.32415402771893,-68.8387401831717,0.0207928338517418,5.77184009792045e-06,0
1397,12,31,1.2,3.1,3.32415402771893,68.8387401831717,0.0207928338517418,5.77184009792045e-06,0
1398,4,-31,0.4,-3.1,3.12569992161756,-82.6476206401076,0.0205812030791758,5.71309394586824e-06,0
1399,4,31,0.4,3.1,3.12569992161756,82.6476206401076,0.0205812030791758,5.71309394586824e-06,0
1400,24,-3,2.4,-0.3,2.41867732448957,-7.1250163489018,0.0205546080629909,5.7057114898781e-06,0
1401,24,3,2.4,0.3,2.41867732448957,7.1250163489018,0.0205546080629909,5.7057114898781e-06,0
1402,1,-30,0.1,-3,3.00166620396073,-88.0908475670036,0.020534503750941,5.70013077513485e-06,0
1403,1,30,0.1,3,3.00166620396073,88.0908475670036,0.020534503750941,5.70013077513485e-06,0
1404,25,-7,2.5,-0.7,2.59615099714943,-15.6422464572087,0.0204562902225068,5.67841964221112e-06,0
1405,25,7,2.5,0.7,2.59615099714943,15.6422464572087,0.0204562902225068,5.67841964221112e-06,0
1406,20,-27,2,-2.7,3.36005952328229,-53.4711446330148,0.0203780342440348,5.65669672566847e-06,0
1407,20,27,2,2.7,3.36005952328229,53.4711446330148,0.0203780342440348,5.65669672566847e-06,0
1408,21,-26,2.1,-2.6,3.34215499341368,-51.0724564072077,0.0203757207861396,5.65605453763678e-06,0
1409,21,26,2.1,2.6,3.34215499341368,51.0724564072077,0.0203757207861396,5.65605453763678e-06,0
1410,25,-19,2.5,-1.9,3.14006369362152,-37.2348339815747,0.0203113700555562,5.63819155033257e-06,0
1411,25,19,2.5,1.9,3.14006369362152,37.2348339815747,0.0203113700555562,5.63819155033257e-06,0
1412,13,-31,1.3,-3.1,3.36154726279432,-67.2490236572124,0.0202185238009529,5.61241854896673e-06,0
1413,13,31,1.3,3.1,3.36154726279432,67.2490236572124,0.0202185238009529,5.61241854896673e-06,0
1414,19,-28,1.9,-2.8,3.38378486313773,-55.8403054543306,0.0201199415191951,5.58505329558897e-06,0
1415,19,28,1.9,2.8,3.38378486313773,55.8403054543306,0.0201199415191951,5.58505329558897e-06,0
1416,22,-25,2.2,-2.5,3.33016516106934,-48.6522227803063,0.0201070453875727,5.58147348486491e-06,0
1417,22,25,2.2,2.5,3.33016516106934,48.6522227803063,0.0201070453875727,5.58147348486491e-06,0
1418,24,-2,2.4,-0.2,2.40831891575846,-4.76364169072618,0.0199813455103415,5.54658071378428e-06,0
1419,24,2,2.4,0.2,2.40831891575846,4.76364169072618,0.0199813455103415,5.54658071378428e-06,0
1420,16,-30,1.6,-3,3.4,-61.927513064147,0.0199026358177475,5.52473185166915e-06,0
1421,16,30,1.6,3,3.4,61.927513064147,0.0199026358177475,5.52473185166915e-06,0
1422,3,-31,0.3,-3.1,3.11448230047949,-84.4724598483438,0.0198869193619792,5.52036915295058e-06,0
1423,3,31,0.3,3.1,3.11448230047949,84.4724598483438,0.0198869193619792,5.52036915295058e-06,0
1424,24,-22,2.4,-2.2,3.25576411921994,-42.5104470780008,0.0198811155518632,5.51875808520546e-06,0
1425,24,22,2.4,2.2,3.25576411921994,42.5104470780008,0.0198811155518632,5.51875808520546e-06,0
1426,26,-13,2.6,-1.3,2.90688837074973,-26.565051177078,0.0198284708682665,5.50414455547246e-06,0
1427,26,13,2.6,1.3,2.90688837074973,26.565051177078,0.0198284708682665,5.50414455547246e-06,0
1428,26,-14,2.6,-1.4,2.95296461204668,-28.3007557660064,0.0198017530959609,5.49672802386258e-06,0
1429,26,14,2.6,1.4,2.95296461204668,28.3007557660064,0.0198017530959609,5.49672802386258e-06,0
1430,26,-12,2.6,-1.2,2.86356421265527,-24.7751405688319,0.0197263390425238,5.47579399146088e-06,0
1431,26,12,2.6,1.2,2.86356421265527,24.7751405688319,0.0197263390425238,5.47579399146088e-06,0
1432,25,-6,2.5,-0.6,2.57099202643649,-13.4957332807958,0.0197115192547456,5.47168019697042e-06,0
1433,25,6,2.5,0.6,2.57099202643649,13.4957332807958,0.0197115192547456,5.47168019697042e-06,0
1434,26,-15,2.6,-1.5,3.00166620396073,-29.9816393688493,0.0196497962555161,5.45454663622267e-06,0
1435,26,15,2.6,1.5,3.00166620396073,29.9816393688493,0.0196497962555161,5.45454663622267e-06,0
1436,18,-29,1.8,-2.9,3.4132096331752,-58.1725534233269,0.0196200924697907,5.44630122327258e-06,0
1437,18,29,1.8,2.9,3.4132096331752,58.1725534233269,0.0196200924697907,5.44630122327258e-06,0
1438,24,-1,2.4,-0.1,2.40208242989286,-2.38594403038881,0.0196188372429985,5.4459527874421e-06,0
1439,24,1,2.4,0.1,2.40208242989286,2.38594403038881,0.0196188372429985,5.4459527874421e-06,0
1440,23,-24,2.3,-2.4,3.32415402771893,-46.2188752351313,0.0195798498730718,5.43513036339641e-06,0
1441,23,24,2.3,2.4,3.32415402771893,46.2188752351313,0.0195798498730718,5.43513036339641e-06,0
1442,14,-31,1.4,-3.1,3.40147027033899,-65.6954507340633,0.0195535470329877,5.42782901197076e-06,0
1443,14,31,1.4,3.1,3.40147027033899,65.6954507340633,0.0195535470329877,5.42782901197076e-06,0
1444,25,-20,2.5,-2,3.20156211871642,-38.6598082540901,0.0195336236231072,5.42229851348961e-06,0
1445,25,20,2.5,2,3.20156211871642,38.6598082540901,0.0195336236231072,5.42229851348961e-06,0
1446,26,-11,2.6,-1.1,2.82311884269862,-22.9321004375898,0.0194970281442795,5.41214004958776e-06,0
1447,26,11,2.6,1.1,2.82311884269862,22.9321004375898,0.0194970281442795,5.41214004958776e-06,0
1448,24,0,2.4,0,2.4,0,0.0194948124064952,5.41152498748121e-06,0
1449,8,-32,0.8,-3.2,3.29848450049413,-75.9637565320735,0.0194065213133198,5.38701644403241e-06,0
1450,8,32,0.8,3.2,3.29848450049413,75.9637565320735,0.0194065213133198,5.38701644403241e-06,0
1451,9,-32,0.9,-3.2,3.32415402771893,-74.2913621709843,0.0193847866629637,5.38098316702293e-06,0
1452,9,32,0.9,3.2,3.32415402771893,74.2913621709843,0.0193847866629637,5.38098316702293e-06,0
1453,26,-16,2.6,-1.6,3.05286750449475,-31.6075022462489,0.0193804807660809,5.37978790193965e-06,0
1454,26,16,2.6,1.6,3.05286750449475,31.6075022462489,0.0193804807660809,5.37978790193965e-06,0
1455,7,-32,0.7,-3.2,3.27566787083184,-77.6609127216738,0.0192990685944767,5.35718886421951e-06,0
1456,7,32,0.7,3.2,3.27566787083184,77.6609127216738,0.0192990685944767,5.35718886421951e-06,0
1457,10,-32,1,-3.2,3.35261092284804,-72.6459753637387,0.0192390044942961,5.34051579385597e-06,0
1458,10,32,1,3.2,3.35261092284804,72.6459753637387,0.0192390044942961,5.34051579385597e-06,0
1459,26,-10,2.6,-1,2.78567765543682,-21.0375110254218,0.0191483087757457,5.31533975538178e-06,0
1460,26,10,2.6,1,2.78567765543682,21.0375110254218,0.0191483087757457,5.31533975538178e-06,0
1461,2,-31,0.2,-3.1,3.10644491340181,-86.3086140135487,0.0190663805854773,5.29259747709912e-06,0
1462,2,31,0.2,3.1,3.10644491340181,86.3086140135487,0.0190663805854773,5.29259747709912e-06,0
1463,6,-32,0.6,-3.2,3.25576411921994,-79.3803447238449,0.019060486268547,5.29096128575306e-06,0
1464,6,32,0.6,3.2,3.25576411921994,79.3803447238449,0.019060486268547,5.29096128575306e-06,0
1465,26,-17,2.6,-1.7,3.10644491340181,-33.1785116593927,0.0190048737821004,5.27552392971463e-06,0
1466,26,17,2.6,1.7,3.10644491340181,33.1785116593927,0.0190048737821004,5.27552392971463e-06,0
1467,11,-32,1.1,-3.2,3.38378486313773,-71.0295921915135,0.0189770996788283,5.26781417335851e-06,0
1468,11,32,1.1,3.2,3.38378486313773,71.0295921915135,0.0189770996788283,5.26781417335851e-06,0
1469,25,-5,2.5,-0.5,2.54950975679639,-11.3099324740202,0.0189702150254019,5.26590307653594e-06,0
1470,25,5,2.5,0.5,2.54950975679639,11.3099324740202,0.0189702150254019,5.26590307653594e-06,0
1471,17,-30,1.7,-3,3.44818792991333,-60.4612177404419,0.0189075533567648,5.24850895247275e-06,0
1472,17,30,1.7,3,3.44818792991333,60.4612177404419,0.0189075533567648,5.24850895247275e-06,0
1473,21,-27,2.1,-2.7,3.42052627529741,-52.1250163489018,0.0188474937814247,5.23183713815039e-06,0
1474,21,27,2.1,2.7,3.42052627529741,52.1250163489018,0.0188474937814247,5.23183713815039e-06,0
1475,24,-23,2.4,-2.3,3.32415402771893,-43.7811247648687,0.0188154623343616,5.22294559446417e-06,0
1476,24,23,2.4,2.3,3.32415402771893,43.7811247648687,0.0188154623343616,5.22294559446417e-06,0
1477,15,-31,1.5,-3.1,3.44383507154451,-64.1790080258107,0.0188147441572139,5.22274623714289e-06,0
1478,15,31,1.5,3.1,3.44383507154451,64.1790080258107,0.0188147441572139,5.22274623714289e-06,0
1479,20,-28,2,-2.8,3.44093010681705,-54.4623222080256,0.0187466219701947,5.20383633898283e-06,0
1480,20,28,2,2.8,3.44093010681705,54.4623222080256,0.0187466219701947,5.20383633898283e-06,0
1481,22,-26,2.2,-2.6,3.40587727318528,-49.7636416907262,0.0187130464664245,5.19451618376251e-06,0
1482,22,26,2.2,2.6,3.40587727318528,49.7636416907262,0.0187130464664245,5.19451618376251e-06,0
1483,25,-21,2.5,-2.1,3.2649655434629,-40.0302592718897,0.0187066505712547,5.1927407603418e-06,0
1484,25,21,2.5,2.1,3.2649655434629,40.0302592718897,0.0187066505712547,5.1927407603418e-06,0
1485,26,-9,2.6,-0.9,2.75136329843952,-19.0934920004856,0.0186945463293435,5.1893807686583e-06,0
1486,26,9,2.6,0.9,2.75136329843952,19.0934920004856,0.0186945463293435,5.1893807686583e-06,0
1487,5,-32,0.5,-3.2,3.23882694814033,-81.1193408494798,0.0186922993979856,5.18875704759165e-06,0
1488,5,32,0.5,3.2,3.23882694814033,81.1193408494798,0.0186922993979856,5.18875704759165e-06,0
1489,12,-32,1.2,-3.2,3.41760149812701,-69.4439547804165,0.0186092678283096,5.16570848448253e-06,0
1490,12,32,1.2,3.2,3.41760149812701,69.4439547804165,0.0186092678283096,5.16570848448253e-06,0
1491,26,-18,2.6,-1.8,3.16227766016838,-34.695153531234,0.0185361719245738,5.14541794250137e-06,0
1492,26,18,2.6,1.8,3.16227766016838,34.695153531234,0.0185361719245738,5.14541794250137e-06,0
1493,19,-29,1.9,-2.9,3.46698716467194,-56.7682889320206,0.0184205459242644,5.11332155825156e-06,0
1494,19,29,1.9,2.9,3.46698716467194,56.7682889320206,0.0184205459242644,5.11332155825156e-06,0
1495,23,-25,2.3,-2.5,3.39705755029261,-47.3859440303888,0.0183446400660947,5.09225100678299e-06,0
1496,23,25,2.3,2.5,3.39705755029261,47.3859440303888,0.0183446400660947,5.09225100678299e-06,0
1497,25,-4,2.5,-0.4,2.53179778023443,-9.09027692082232,0.0182795682686428,5.07418786000585e-06,0
1498,25,4,2.5,0.4,2.53179778023443,9.09027692082232,0.0182795682686428,5.07418786000585e-06,0
1499,4,-32,0.4,-3.2,3.22490309931942,-82.8749836510982,0.0181995943485047,5.05198806355999e-06,0
1500,4,32,0.4,3.2,3.22490309931942,82.8749836510982,0.0181995943485047,5.05198806355999e-06,0
